location_id,location_number,location_name,location_address,governorate,district,committee_number,page_number,total_voters,line_number
1000,0,مدرسة رقم 0,مركز مطوبس,كفر الشيخ,مطوبس,801,0,100,65656
1,1,مدرسة رقم 1,مركز مطوبس,كفر الشيخ,مطوبس,67,1,100,58
1001,1,مدرسة رقم 1,مركز مطوبس,كفر الشيخ,مطوبس,801,1,100,65723
2,2,مدرسة رقم 2,مركز مطوبس,كفر الشيخ,مطوبس,67,2,100,125
1002,2,مدرسة رقم 2,نادره عبدا عبدا الشناط ٠٤٤٤ نادر عصام فتح ا حراز ٩٣٤٤ نادر عبدالكريم امام حراز ٨٣٤٤,كفر الشيخ,مطوبس,801,2,100,65790
1003,3,مدرسة رقم 3,مركز مطوبس,كفر الشيخ,مطوبس,801,3,100,65857
3,3,مدرسة رقم 3,مركز مطوبس,كفر الشيخ,مطوبس,67,3,100,192
4,4,مدرسة رقم 4,مركز مطوبس,كفر الشيخ,مطوبس,67,4,100,259
1004,4,مدرسة رقم 4,مركز مطوبس,كفر الشيخ,مطوبس,801,4,100,65924
5,5,مدرسة رقم 5,مركز مطوبس,كفر الشيخ,مطوبس,67,5,100,326
1005,5,مدرسة رقم 5,مركز مطوبس,كفر الشيخ,مطوبس,801,5,100,65991
6,6,مدرسة رقم 6,مركز مطوبس,كفر الشيخ,مطوبس,67,6,100,393
1006,6,عزبة الشاعر للتعليم الساسى,مركز مطوبس,كفر الشيخ,مطوبس,801,6,100,66044
1007,7,مدرسة رقم 7,مركز مطوبس,كفر الشيخ,مطوبس,901,7,100,66103
7,7,مدرسة رقم 7,مركز مطوبس,كفر الشيخ,مطوبس,67,7,100,460
8,8,مدرسة رقم 8,مركز مطوبس,كفر الشيخ,مطوبس,67,8,100,527
1008,8,مدرسة رقم 8,مركز مطوبس,كفر الشيخ,مطوبس,901,8,100,66170
9,9,مدرسة رقم 9,مركز مطوبس,كفر الشيخ,مطوبس,67,9,100,594
1009,9,مدرسة رقم 9,مركز مطوبس,كفر الشيخ,مطوبس,901,9,100,66237
10,10,مدرسة رقم 10,مركز مطوبس,كفر الشيخ,مطوبس,67,10,100,661
1010,10,مدرسة رقم 10,حبيبه محمد على محمد امام ١٤٧ حبيبه محمد جبر كامل عاقول ٠٤٧ حبيبه مجدى السيد بلل ٩٣٧,كفر الشيخ,مطوبس,901,10,100,66304
11,11,مدرسة رقم 11,مركز مطوبس,كفر الشيخ,مطوبس,67,11,100,728
1011,11,مدرسة رقم 11,مركز مطوبس,كفر الشيخ,مطوبس,901,11,100,66371
12,12,مدرسة رقم 12,مركز مطوبس,كفر الشيخ,مطوبس,67,12,100,795
1012,12,مدرسة رقم 12,مركز مطوبس,كفر الشيخ,مطوبس,901,12,100,66438
1013,13,مدرسة رقم 13,مركز مطوبس,كفر الشيخ,مطوبس,901,13,100,66505
13,13,مدرسة رقم 13,مركز مطوبس,كفر الشيخ,مطوبس,67,13,100,862
14,14,مدرسة رقم 14,مركز مطوبس,كفر الشيخ,مطوبس,67,14,100,929
1014,14,مدرسة رقم 14,مركز مطوبس,كفر الشيخ,مطوبس,901,14,100,66572
15,15,مدرسة رقم 15,مركز مطوبس,كفر الشيخ,مطوبس,67,15,100,996
1015,15,مدرسة رقم 15,مركز مطوبس,كفر الشيخ,مطوبس,901,15,100,66639
1016,16,مدرسة رقم 16,مركز مطوبس,كفر الشيخ,مطوبس,901,16,100,66706
16,16,مدرسة رقم 16,مركز مطوبس,كفر الشيخ,مطوبس,67,16,100,1063
1017,17,مدرسة رقم 17,مركز مطوبس,كفر الشيخ,مطوبس,901,17,100,66773
17,17,مدرسة رقم 17,مركز مطوبس,كفر الشيخ,مطوبس,67,17,100,1130
18,18,مدرسة رقم 18,مركز مطوبس,كفر الشيخ,مطوبس,67,18,100,1198
1018,18,مدرسة رقم 18,مركز مطوبس,كفر الشيخ,مطوبس,901,18,100,66840
19,19,مدرسة رقم 19,مركز مطوبس,كفر الشيخ,مطوبس,67,19,100,1265
1019,19,مدرسة رقم 19,مركز مطوبس,كفر الشيخ,مطوبس,901,19,100,66908
20,20,مدرسة رقم 20,مركز مطوبس,كفر الشيخ,مطوبس,67,20,100,1332
1020,20,مدرسة رقم 20,مركز مطوبس,كفر الشيخ,مطوبس,901,20,100,66975
1021,21,مدرسة رقم 21,مركز مطوبس,كفر الشيخ,مطوبس,901,21,100,67030
21,21,مدرسة رقم 21,مركز مطوبس,كفر الشيخ,مطوبس,67,21,100,1399
22,22,مدرسة رقم 22,مركز مطوبس,كفر الشيخ,مطوبس,67,22,100,1466
23,23,مدرسة رقم 23,مركز مطوبس,كفر الشيخ,مطوبس,67,23,100,1533
24,24,مدرسة رقم 24,مركز مطوبس,كفر الشيخ,مطوبس,67,24,100,1600
25,25,مدرسة رقم 25,مركز مطوبس,كفر الشيخ,مطوبس,67,25,100,1667
26,26,مدرسة رقم 26,مركز مطوبس,كفر الشيخ,مطوبس,67,26,100,1734
27,27,مدرسة رقم 27,مركز مطوبس,كفر الشيخ,مطوبس,67,27,100,1801
28,28,مدرسة رقم 28,مركز مطوبس,كفر الشيخ,مطوبس,67,28,100,1868
29,29,مدرسة رقم 29,مركز مطوبس,كفر الشيخ,مطوبس,67,29,100,1935
30,30,مدرسة رقم 30,مركز مطوبس,كفر الشيخ,مطوبس,67,30,100,2002
31,31,مدرسة رقم 31,مركز مطوبس,كفر الشيخ,مطوبس,67,31,100,2069
32,32,الشهيد نعمان الشندويلى البتدائية,مركز مطوبس,كفر الشيخ,مطوبس,67,32,100,2092
33,33,مدرسة رقم 33,مركز مطوبس,كفر الشيخ,مطوبس,77,33,100,2151
34,34,مدرسة رقم 34,مركز مطوبس,كفر الشيخ,مطوبس,77,34,100,2218
35,35,مدرسة رقم 35,مركز مطوبس,كفر الشيخ,مطوبس,77,35,100,2285
36,36,مدرسة رقم 36,مركز مطوبس,كفر الشيخ,مطوبس,77,36,100,2352
37,37,مدرسة رقم 37,مركز مطوبس,كفر الشيخ,مطوبس,77,37,100,2419
38,38,مدرسة رقم 38,مركز مطوبس,كفر الشيخ,مطوبس,77,38,100,2486
39,39,مدرسة رقم 39,مركز مطوبس,كفر الشيخ,مطوبس,77,39,100,2553
40,40,مدرسة رقم 40,مركز مطوبس,كفر الشيخ,مطوبس,77,40,100,2620
41,41,مدرسة رقم 41,مركز مطوبس,كفر الشيخ,مطوبس,77,41,100,2687
42,42,مدرسة رقم 42,مركز مطوبس,كفر الشيخ,مطوبس,77,42,100,2754
43,43,مدرسة رقم 43,مركز مطوبس,كفر الشيخ,مطوبس,77,43,100,2821
44,44,مدرسة رقم 44,مركز مطوبس,كفر الشيخ,مطوبس,77,44,100,2888
45,45,مدرسة رقم 45,مركز مطوبس,كفر الشيخ,مطوبس,77,45,100,2955
46,46,مدرسة رقم 46,مركز مطوبس,كفر الشيخ,مطوبس,77,46,100,3022
47,47,مدرسة رقم 47,مركز مطوبس,كفر الشيخ,مطوبس,77,47,100,3089
48,48,مدرسة رقم 48,مركز مطوبس,كفر الشيخ,مطوبس,77,48,100,3156
49,49,مدرسة رقم 49,مركز مطوبس,كفر الشيخ,مطوبس,77,49,100,3223
50,50,مدرسة رقم 50,مركز مطوبس,كفر الشيخ,مطوبس,77,50,100,3290
51,51,مدرسة رقم 51,مركز مطوبس,كفر الشيخ,مطوبس,77,51,100,3357
52,52,مدرسة رقم 52,مركز مطوبس,كفر الشيخ,مطوبس,77,52,100,3424
53,53,مدرسة رقم 53,مركز مطوبس,كفر الشيخ,مطوبس,77,53,100,3491
54,54,مدرسة رقم 54,مركز مطوبس,كفر الشيخ,مطوبس,77,54,100,3558
55,55,مدرسة رقم 55,مركز مطوبس,كفر الشيخ,مطوبس,77,55,100,3625
56,56,مدرسة رقم 56,مركز مطوبس,كفر الشيخ,مطوبس,77,56,100,3692
57,57,مدرسة رقم 57,مركز مطوبس,كفر الشيخ,مطوبس,77,57,100,3759
58,58,مدرسة رقم 58,مركز مطوبس,كفر الشيخ,مطوبس,77,58,100,3826
59,59,مدرسة رقم 59,مركز مطوبس,كفر الشيخ,مطوبس,77,59,100,3893
60,60,مدرسة رقم 60,مركز مطوبس,كفر الشيخ,مطوبس,77,60,100,3960
61,61,مدرسة رقم 61,مركز مطوبس,كفر الشيخ,مطوبس,77,61,100,4027
62,62,مدرسة رقم 62,مركز مطوبس,كفر الشيخ,مطوبس,77,62,100,4094
63,63,مدرسة رقم 63,مركز مطوبس,كفر الشيخ,مطوبس,77,63,100,4161
64,64,مدرسة رقم 64,مركز مطوبس,كفر الشيخ,مطوبس,77,64,100,4228
65,65,نجيه سلم الرسمية للغات,مركز مطوبس,كفر الشيخ,مطوبس,77,65,100,4236
66,66,مدرسة رقم 66,مركز مطوبس,كفر الشيخ,مطوبس,87,66,100,4295
67,67,مدرسة رقم 67,مركز مطوبس,كفر الشيخ,مطوبس,87,67,100,4362
68,68,مدرسة رقم 68,مركز مطوبس,كفر الشيخ,مطوبس,87,68,100,4429
69,69,مدرسة رقم 69,مركز مطوبس,كفر الشيخ,مطوبس,87,69,100,4496
70,70,مدرسة رقم 70,مركز مطوبس,كفر الشيخ,مطوبس,87,70,100,4563
71,71,مدرسة رقم 71,مركز مطوبس,كفر الشيخ,مطوبس,87,71,100,4630
72,72,مدرسة رقم 72,مركز مطوبس,كفر الشيخ,مطوبس,87,72,100,4697
73,73,مدرسة رقم 73,مركز مطوبس,كفر الشيخ,مطوبس,87,73,100,4764
74,74,مدرسة رقم 74,مركز مطوبس,كفر الشيخ,مطوبس,87,74,100,4831
75,75,مدرسة رقم 75,مركز مطوبس,كفر الشيخ,مطوبس,87,75,100,4898
76,76,مدرسة رقم 76,مركز مطوبس,كفر الشيخ,مطوبس,87,76,100,4965
77,77,مدرسة رقم 77,مركز مطوبس,كفر الشيخ,مطوبس,87,77,100,5032
78,78,مدرسة رقم 78,مركز مطوبس,كفر الشيخ,مطوبس,87,78,100,5099
79,79,مدرسة رقم 79,مركز مطوبس,كفر الشيخ,مطوبس,87,79,100,5166
80,80,مدرسة رقم 80,مركز مطوبس,كفر الشيخ,مطوبس,87,80,100,5233
81,81,مدرسة رقم 81,مركز مطوبس,كفر الشيخ,مطوبس,87,81,100,5300
82,82,مدرسة رقم 82,مركز مطوبس,كفر الشيخ,مطوبس,87,82,100,5367
83,83,عمرو البتدائية القديمة,مركز مطوبس,كفر الشيخ,مطوبس,87,83,100,5392
84,84,مدرسة رقم 84,مركز مطوبس,كفر الشيخ,مطوبس,97,84,100,5451
85,85,مدرسة رقم 85,مركز مطوبس,كفر الشيخ,مطوبس,97,85,100,5518
86,86,مدرسة رقم 86,امانى خالد كامل عمر نويجى ٢٥٥ امامه محمد عبدالمقصود عباس ١٥٥ امامه عرابى عبداللطيف ابوجازيه ٠٥٥,كفر الشيخ,مطوبس,97,86,100,5585
87,87,مدرسة رقم 87,مركز مطوبس,كفر الشيخ,مطوبس,97,87,100,5652
88,88,مدرسة رقم 88,مركز مطوبس,كفر الشيخ,مطوبس,97,88,100,5719
89,89,مدرسة رقم 89,مركز مطوبس,كفر الشيخ,مطوبس,97,89,100,5786
90,90,مدرسة رقم 90,مركز مطوبس,كفر الشيخ,مطوبس,97,90,100,5853
91,91,مدرسة رقم 91,مركز مطوبس,كفر الشيخ,مطوبس,97,91,100,5920
92,92,مدرسة رقم 92,مركز مطوبس,كفر الشيخ,مطوبس,97,92,100,5987
93,93,مدرسة رقم 93,مركز مطوبس,كفر الشيخ,مطوبس,97,93,100,6054
94,94,مدرسة رقم 94,مركز مطوبس,كفر الشيخ,مطوبس,97,94,100,6121
95,95,مدرسة رقم 95,مركز مطوبس,كفر الشيخ,مطوبس,97,95,100,6188
96,96,مدرسة رقم 96,مركز مطوبس,كفر الشيخ,مطوبس,97,96,100,6255
97,97,مدرسة رقم 97,مركز مطوبس,كفر الشيخ,مطوبس,97,97,100,6322
98,98,مدرسة رقم 98,مركز مطوبس,كفر الشيخ,مطوبس,97,98,100,6389
99,99,مدرسة رقم 99,مركز مطوبس,كفر الشيخ,مطوبس,97,99,100,6456
100,100,مدرسة رقم 100,مركز مطوبس,كفر الشيخ,مطوبس,97,100,100,6523
101,101,مدرسة رقم 101,مركز مطوبس,كفر الشيخ,مطوبس,97,101,100,6590
102,102,مدرسة رقم 102,مركز مطوبس,كفر الشيخ,مطوبس,97,102,100,6657
103,103,مدرسة رقم 103,مركز مطوبس,كفر الشيخ,مطوبس,97,103,100,6724
104,104,مدرسة رقم 104,مركز مطوبس,كفر الشيخ,مطوبس,97,104,100,6791
105,105,السعاده للتعليم الساسى,مركز مطوبس,كفر الشيخ,مطوبس,97,105,100,6831
106,106,مدرسة رقم 106,مركز مطوبس,كفر الشيخ,مطوبس,8,106,100,6890
107,107,مدرسة رقم 107,الء نجيب زغلول عبدالعزيز عبدا ٣٦٣ الء محمود فرج ابراهيم سعد ٢٦٣ الء محمد حلمى امام سيد ١٦٣,كفر الشيخ,مطوبس,8,107,100,6957
108,108,مدرسة رقم 108,مركز مطوبس,كفر الشيخ,مطوبس,8,108,100,7024
109,109,مدرسة رقم 109,مركز مطوبس,كفر الشيخ,مطوبس,8,109,100,7091
110,110,مدرسة رقم 110,مركز مطوبس,كفر الشيخ,مطوبس,8,110,100,7158
111,111,مدرسة رقم 111,مركز مطوبس,كفر الشيخ,مطوبس,8,111,100,7225
112,112,مدرسة رقم 112,مركز مطوبس,كفر الشيخ,مطوبس,8,112,100,7292
113,113,مدرسة رقم 113,مركز مطوبس,كفر الشيخ,مطوبس,8,113,100,7360
114,114,مدرسة رقم 114,مركز مطوبس,كفر الشيخ,مطوبس,8,114,100,7427
115,115,مدرسة رقم 115,مركز مطوبس,كفر الشيخ,مطوبس,8,115,100,7494
116,116,مدرسة رقم 116,مركز مطوبس,كفر الشيخ,مطوبس,8,116,100,7561
117,117,مدرسة رقم 117,مركز مطوبس,كفر الشيخ,مطوبس,8,117,100,7628
118,118,مدرسة رقم 118,مركز مطوبس,كفر الشيخ,مطوبس,8,118,100,7696
119,119,مدرسة رقم 119,مركز مطوبس,كفر الشيخ,مطوبس,8,119,100,7763
120,120,القنى البتدائية المشتركة,مركز مطوبس,كفر الشيخ,مطوبس,8,120,100,7798
121,121,مدرسة رقم 121,مركز مطوبس,كفر الشيخ,مطوبس,18,121,100,7857
122,122,مدرسة رقم 122,مركز مطوبس,كفر الشيخ,مطوبس,18,122,100,7924
123,123,مدرسة رقم 123,مركز مطوبس,كفر الشيخ,مطوبس,18,123,100,7991
124,124,مدرسة رقم 124,مركز مطوبس,كفر الشيخ,مطوبس,18,124,100,8058
125,125,مدرسة رقم 125,مركز مطوبس,كفر الشيخ,مطوبس,18,125,100,8125
126,126,مدرسة رقم 126,مركز مطوبس,كفر الشيخ,مطوبس,18,126,100,8192
127,127,مدرسة رقم 127,مركز مطوبس,كفر الشيخ,مطوبس,18,127,100,8259
128,128,مدرسة رقم 128,مركز مطوبس,كفر الشيخ,مطوبس,18,128,100,8326
129,129,مدرسة رقم 129,مركز مطوبس,كفر الشيخ,مطوبس,18,129,100,8393
130,130,مدرسة رقم 130,مركز مطوبس,كفر الشيخ,مطوبس,18,130,100,8460
131,131,مدرسة رقم 131,مركز مطوبس,كفر الشيخ,مطوبس,18,131,100,8527
132,132,مدرسة رقم 132,مركز مطوبس,كفر الشيخ,مطوبس,18,132,100,8594
133,133,مدرسة رقم 133,مركز مطوبس,كفر الشيخ,مطوبس,18,133,100,8661
134,134,مدرسة رقم 134,مركز مطوبس,كفر الشيخ,مطوبس,18,134,100,8728
135,135,مدرسة رقم 135,مركز مطوبس,كفر الشيخ,مطوبس,18,135,100,8795
136,136,مدرسة رقم 136,مركز مطوبس,كفر الشيخ,مطوبس,18,136,100,8862
137,137,مدرسة رقم 137,مركز مطوبس,كفر الشيخ,مطوبس,18,137,100,8929
138,138,مدرسة رقم 138,مركز مطوبس,كفر الشيخ,مطوبس,18,138,100,8996
139,139,مدرسة رقم 139,مركز مطوبس,كفر الشيخ,مطوبس,18,139,100,9063
140,140,مدرسة رقم 140,مركز مطوبس,كفر الشيخ,مطوبس,18,140,100,9130
141,141,مدرسة رقم 141,مركز مطوبس,كفر الشيخ,مطوبس,18,141,100,9197
142,142,مدرسة رقم 142,مركز مطوبس,كفر الشيخ,مطوبس,18,142,100,9264
143,143,مدرسة رقم 143,مركز مطوبس,كفر الشيخ,مطوبس,18,143,100,9331
144,144,مدرسة رقم 144,مركز مطوبس,كفر الشيخ,مطوبس,18,144,100,9398
145,145,مدرسة رقم 145,مركز مطوبس,كفر الشيخ,مطوبس,18,145,100,9465
146,146,مدرسة رقم 146,مركز مطوبس,كفر الشيخ,مطوبس,18,146,100,9532
147,147,مدرسة رقم 147,مركز مطوبس,كفر الشيخ,مطوبس,18,147,100,9599
148,148,مدرسة رقم 148,مركز مطوبس,كفر الشيخ,مطوبس,18,148,100,9666
149,149,المنار البتدائية,مركز مطوبس,كفر الشيخ,مطوبس,18,149,100,9676
150,150,مدرسة رقم 150,مركز مطوبس,كفر الشيخ,مطوبس,28,150,100,9735
151,151,مدرسة رقم 151,مركز مطوبس,كفر الشيخ,مطوبس,28,151,100,9802
152,152,مدرسة رقم 152,مركز مطوبس,كفر الشيخ,مطوبس,28,152,100,9869
153,153,مدرسة رقم 153,مركز مطوبس,كفر الشيخ,مطوبس,28,153,100,9936
154,154,مدرسة رقم 154,مركز مطوبس,كفر الشيخ,مطوبس,28,154,100,10003
155,155,مدرسة رقم 155,مركز مطوبس,كفر الشيخ,مطوبس,28,155,100,10070
156,156,مدرسة رقم 156,مركز مطوبس,كفر الشيخ,مطوبس,28,156,100,10137
157,157,مدرسة رقم 157,مركز مطوبس,كفر الشيخ,مطوبس,28,157,100,10204
158,158,مدرسة رقم 158,مركز مطوبس,كفر الشيخ,مطوبس,28,158,100,10271
159,159,مدرسة رقم 159,مركز مطوبس,كفر الشيخ,مطوبس,28,159,100,10338
160,160,مدرسة رقم 160,مركز مطوبس,كفر الشيخ,مطوبس,28,160,100,10405
161,161,مدرسة رقم 161,مركز مطوبس,كفر الشيخ,مطوبس,28,161,100,10472
162,162,مدرسة رقم 162,مركز مطوبس,كفر الشيخ,مطوبس,28,162,100,10539
163,163,مدرسة رقم 163,مركز مطوبس,كفر الشيخ,مطوبس,28,163,100,10606
164,164,مدرسة رقم 164,مركز مطوبس,كفر الشيخ,مطوبس,28,164,100,10673
165,165,مدرسة رقم 165,مركز مطوبس,كفر الشيخ,مطوبس,28,165,100,10740
166,166,مدرسة رقم 166,مركز مطوبس,كفر الشيخ,مطوبس,28,166,100,10807
167,167,مدرسة رقم 167,مركز مطوبس,كفر الشيخ,مطوبس,28,167,100,10874
168,168,مدرسة رقم 168,مركز مطوبس,كفر الشيخ,مطوبس,28,168,100,10941
169,169,مدرسة رقم 169,مركز مطوبس,كفر الشيخ,مطوبس,28,169,100,11008
170,170,مدرسة رقم 170,عادل حميده عوض منصور ٢٦٠٤ عادل بسيونى يونس ابوعيانه ١٦٠٤ عادل امام عبدالعال محمد امام ٠٦٠٤,كفر الشيخ,مطوبس,28,170,100,11075
171,171,مدرسة رقم 171,مركز مطوبس,كفر الشيخ,مطوبس,28,171,100,11142
172,172,مدرسة رقم 172,مركز مطوبس,كفر الشيخ,مطوبس,28,172,100,11209
173,173,مدرسة رقم 173,مركز مطوبس,كفر الشيخ,مطوبس,28,173,100,11276
174,174,مدرسة رقم 174,مركز مطوبس,كفر الشيخ,مطوبس,28,174,100,11343
175,175,مدرسة رقم 175,مركز مطوبس,كفر الشيخ,مطوبس,28,175,100,11410
176,176,مدرسة رقم 176,مركز مطوبس,كفر الشيخ,مطوبس,28,176,100,11477
177,177,مدرسة رقم 177,مركز مطوبس,كفر الشيخ,مطوبس,28,177,100,11544
178,178,مدرسة رقم 178,مركز مطوبس,كفر الشيخ,مطوبس,28,178,100,11611
179,179,مدرسة رقم 179,مركز مطوبس,كفر الشيخ,مطوبس,28,179,100,11678
180,180,مدرسة رقم 180,مركز مطوبس,كفر الشيخ,مطوبس,28,180,100,11745
181,181,مدرسة رقم 181,مركز مطوبس,كفر الشيخ,مطوبس,28,181,100,11812
182,182,مدرسة رقم 182,مركز مطوبس,كفر الشيخ,مطوبس,28,182,100,11879
183,183,مدرسة رقم 183,مركز مطوبس,كفر الشيخ,مطوبس,28,183,100,11946
184,184,مدرسة رقم 184,مركز مطوبس,كفر الشيخ,مطوبس,28,184,100,12013
185,185,مدرسة رقم 185,نزيهه سعد محمد امام ٠٩٩٦ نزيهه رمضان عبداللطيف عبدالرازق ٩٨٩٦ نزيهه حسن محمد مجاهد ٨٨٩٦,كفر الشيخ,مطوبس,28,185,100,12080
186,186,مدرسة رقم 186,مركز مطوبس,كفر الشيخ,مطوبس,28,186,100,12147
187,187,مدرسة رقم 187,مركز مطوبس,كفر الشيخ,مطوبس,28,187,100,12214
188,188,مدرسة رقم 188,مركز مطوبس,كفر الشيخ,مطوبس,28,188,100,12281
189,189,مدرسة رقم 189,مركز مطوبس,كفر الشيخ,مطوبس,28,189,100,12348
190,190,الغنايم للتعليم الساسى,مركز مطوبس,كفر الشيخ,مطوبس,28,190,100,12381
191,191,مدرسة رقم 191,مركز مطوبس,كفر الشيخ,مطوبس,38,191,100,12440
192,192,مدرسة رقم 192,احمد علم امام محمود امام ٨٤٣ احمد عطا احمد مرعى ٧٤٣ احمد عصمت احمد رزق ٦٤٣,كفر الشيخ,مطوبس,38,192,100,12507
193,193,مدرسة رقم 193,مركز مطوبس,كفر الشيخ,مطوبس,38,193,100,12574
194,194,مدرسة رقم 194,اكرام عبدالمجيد عبدالوهاب الخبيرى ٠٥٧ اكرام امام عطيه غانم ٩٤٧ اكرام احمد خليفه سلمان ٨٤٧,كفر الشيخ,مطوبس,38,194,100,12641
195,195,مدرسة رقم 195,مركز مطوبس,كفر الشيخ,مطوبس,38,195,100,12708
196,196,مدرسة رقم 196,مركز مطوبس,كفر الشيخ,مطوبس,38,196,100,12775
197,197,مدرسة رقم 197,مركز مطوبس,كفر الشيخ,مطوبس,38,197,100,12842
198,198,مدرسة رقم 198,بدر ابراهيم امام عبدالغنى ١٢٥١ بثينه يوسف ابراهيم محمد ٠٢٥١ بثينه محمد عبدا بدراوى القن ٩١٥١,كفر الشيخ,مطوبس,38,198,100,12909
199,199,مدرسة رقم 199,مركز مطوبس,كفر الشيخ,مطوبس,38,199,100,12976
200,200,مدرسة رقم 200,مركز مطوبس,كفر الشيخ,مطوبس,38,200,100,13043
201,201,مدرسة رقم 201,مركز مطوبس,كفر الشيخ,مطوبس,38,201,100,13110
202,202,مدرسة رقم 202,مركز مطوبس,كفر الشيخ,مطوبس,38,202,100,13177
203,203,مدرسة رقم 203,مركز مطوبس,كفر الشيخ,مطوبس,38,203,100,13244
204,204,مدرسة رقم 204,مركز مطوبس,كفر الشيخ,مطوبس,38,204,100,13311
205,205,مدرسة رقم 205,مركز مطوبس,كفر الشيخ,مطوبس,38,205,100,13378
206,206,مدرسة رقم 206,مركز مطوبس,كفر الشيخ,مطوبس,38,206,100,13445
207,207,مدرسة رقم 207,مركز مطوبس,كفر الشيخ,مطوبس,38,207,100,13512
208,208,مدرسة رقم 208,مركز مطوبس,كفر الشيخ,مطوبس,38,208,100,13579
209,209,مدرسة رقم 209,مركز مطوبس,كفر الشيخ,مطوبس,38,209,100,13646
210,210,مدرسة رقم 210,مركز مطوبس,كفر الشيخ,مطوبس,38,210,100,13713
211,211,مدرسة رقم 211,مركز مطوبس,كفر الشيخ,مطوبس,38,211,100,13780
212,212,مدرسة رقم 212,مركز مطوبس,كفر الشيخ,مطوبس,38,212,100,13847
213,213,مدرسة رقم 213,مركز مطوبس,كفر الشيخ,مطوبس,38,213,100,13914
214,214,مدرسة رقم 214,مركز مطوبس,كفر الشيخ,مطوبس,38,214,100,13981
215,215,مدرسة رقم 215,مركز مطوبس,كفر الشيخ,مطوبس,38,215,100,14048
216,216,مدرسة رقم 216,مركز مطوبس,كفر الشيخ,مطوبس,38,216,100,14115
217,217,مدرسة رقم 217,مركز مطوبس,كفر الشيخ,مطوبس,38,217,100,14182
218,218,مدرسة رقم 218,مركز مطوبس,كفر الشيخ,مطوبس,38,218,100,14249
219,219,مدرسة رقم 219,مركز مطوبس,كفر الشيخ,مطوبس,38,219,100,14316
220,220,مدرسة رقم 220,مركز مطوبس,كفر الشيخ,مطوبس,38,220,100,14383
221,221,مدرسة رقم 221,مركز مطوبس,كفر الشيخ,مطوبس,38,221,100,14450
222,222,مدرسة رقم 222,مركز مطوبس,كفر الشيخ,مطوبس,38,222,100,14517
223,223,مدرسة رقم 223,مركز مطوبس,كفر الشيخ,مطوبس,38,223,100,14584
224,224,مدرسة رقم 224,مركز مطوبس,كفر الشيخ,مطوبس,38,224,100,14651
225,225,مدرسة رقم 225,مركز مطوبس,كفر الشيخ,مطوبس,38,225,100,14718
226,226,مدرسة رقم 226,مركز مطوبس,كفر الشيخ,مطوبس,38,226,100,14785
227,227,مدرسة رقم 227,مركز مطوبس,كفر الشيخ,مطوبس,38,227,100,14852
228,228,مدرسة رقم 228,مركز مطوبس,كفر الشيخ,مطوبس,38,228,100,14919
229,229,الشهيد/ رضا صبرى محمد فراج للتعليم الساسى,مركز مطوبس,كفر الشيخ,مطوبس,38,229,100,14950
230,230,مدرسة رقم 230,مركز مطوبس,كفر الشيخ,مطوبس,48,230,100,15009
231,231,مدرسة رقم 231,مركز مطوبس,كفر الشيخ,مطوبس,48,231,100,15076
232,232,مدرسة رقم 232,مركز مطوبس,كفر الشيخ,مطوبس,48,232,100,15143
233,233,مدرسة رقم 233,مركز مطوبس,كفر الشيخ,مطوبس,48,233,100,15210
234,234,مدرسة رقم 234,مركز مطوبس,كفر الشيخ,مطوبس,48,234,100,15277
235,235,مدرسة رقم 235,مركز مطوبس,كفر الشيخ,مطوبس,48,235,100,15344
236,236,مدرسة رقم 236,مركز مطوبس,كفر الشيخ,مطوبس,48,236,100,15411
237,237,مدرسة رقم 237,مركز مطوبس,كفر الشيخ,مطوبس,48,237,100,15478
238,238,مدرسة رقم 238,مركز مطوبس,كفر الشيخ,مطوبس,48,238,100,15545
239,239,مدرسة رقم 239,مركز مطوبس,كفر الشيخ,مطوبس,48,239,100,15612
240,240,مدرسة رقم 240,مركز مطوبس,كفر الشيخ,مطوبس,48,240,100,15679
241,241,مدرسة رقم 241,مركز مطوبس,كفر الشيخ,مطوبس,48,241,100,15746
242,242,مدرسة رقم 242,مركز مطوبس,كفر الشيخ,مطوبس,48,242,100,15813
243,243,مدرسة رقم 243,مركز مطوبس,كفر الشيخ,مطوبس,48,243,100,15880
244,244,مدرسة رقم 244,مركز مطوبس,كفر الشيخ,مطوبس,48,244,100,15947
245,245,مدرسة رقم 245,مركز مطوبس,كفر الشيخ,مطوبس,48,245,100,16014
246,246,مدرسة رقم 246,مركز مطوبس,كفر الشيخ,مطوبس,48,246,100,16081
247,247,مدرسة رقم 247,مركز مطوبس,كفر الشيخ,مطوبس,48,247,100,16149
248,248,مدرسة رقم 248,مركز مطوبس,كفر الشيخ,مطوبس,48,248,100,16217
249,249,مدرسة رقم 249,مركز مطوبس,كفر الشيخ,مطوبس,48,249,100,16284
250,250,مدرسة رقم 250,مركز مطوبس,كفر الشيخ,مطوبس,48,250,100,16351
251,251,مدرسة رقم 251,مركز مطوبس,كفر الشيخ,مطوبس,48,251,100,16418
252,252,مدرسة رقم 252,مركز مطوبس,كفر الشيخ,مطوبس,48,252,100,16485
253,253,مدرسة رقم 253,مركز مطوبس,كفر الشيخ,مطوبس,48,253,100,16552
254,254,مدرسة رقم 254,مركز مطوبس,كفر الشيخ,مطوبس,48,254,100,16619
255,255,مدرسة رقم 255,مركز مطوبس,كفر الشيخ,مطوبس,48,255,100,16686
256,256,مدرسة رقم 256,مركز مطوبس,كفر الشيخ,مطوبس,48,256,100,16753
257,257,مدرسة رقم 257,مركز مطوبس,كفر الشيخ,مطوبس,48,257,100,16820
258,258,مدرسة رقم 258,مركز مطوبس,كفر الشيخ,مطوبس,48,258,100,16887
259,259,مدرسة رقم 259,مركز مطوبس,كفر الشيخ,مطوبس,48,259,100,16954
260,260,مدرسة رقم 260,مركز مطوبس,كفر الشيخ,مطوبس,48,260,100,17021
261,261,مدرسة رقم 261,مركز مطوبس,كفر الشيخ,مطوبس,48,261,100,17088
262,262,مدرسة رقم 262,مركز مطوبس,كفر الشيخ,مطوبس,48,262,100,17155
263,263,الدوايدة للتعليم الساسى,مركز مطوبس,كفر الشيخ,مطوبس,48,263,100,17187
264,264,مدرسة رقم 264,مركز مطوبس,كفر الشيخ,مطوبس,58,264,100,17246
265,265,مدرسة رقم 265,مركز مطوبس,كفر الشيخ,مطوبس,58,265,100,17313
266,266,مدرسة رقم 266,مركز مطوبس,كفر الشيخ,مطوبس,58,266,100,17380
267,267,مدرسة رقم 267,مركز مطوبس,كفر الشيخ,مطوبس,58,267,100,17447
268,268,مدرسة رقم 268,مركز مطوبس,كفر الشيخ,مطوبس,58,268,100,17514
269,269,مدرسة رقم 269,مركز مطوبس,كفر الشيخ,مطوبس,58,269,100,17581
270,270,مدرسة رقم 270,مركز مطوبس,كفر الشيخ,مطوبس,58,270,100,17648
271,271,مدرسة رقم 271,مركز مطوبس,كفر الشيخ,مطوبس,58,271,100,17715
272,272,مدرسة رقم 272,مركز مطوبس,كفر الشيخ,مطوبس,58,272,100,17782
273,273,مدرسة رقم 273,مركز مطوبس,كفر الشيخ,مطوبس,58,273,100,17849
274,274,مدرسة رقم 274,مركز مطوبس,كفر الشيخ,مطوبس,58,274,100,17916
275,275,مدرسة رقم 275,مركز مطوبس,كفر الشيخ,مطوبس,58,275,100,17983
276,276,مدرسة رقم 276,مركز مطوبس,كفر الشيخ,مطوبس,58,276,100,18050
277,277,مدرسة رقم 277,مركز مطوبس,كفر الشيخ,مطوبس,58,277,100,18117
278,278,مدرسة رقم 278,مركز مطوبس,كفر الشيخ,مطوبس,58,278,100,18184
279,279,مدرسة رقم 279,مركز مطوبس,كفر الشيخ,مطوبس,58,279,100,18252
280,280,مدرسة رقم 280,مركز مطوبس,كفر الشيخ,مطوبس,58,280,100,18319
281,281,مدرسة رقم 281,مركز مطوبس,كفر الشيخ,مطوبس,58,281,100,18386
282,282,مدرسة رقم 282,مركز مطوبس,كفر الشيخ,مطوبس,58,282,100,18453
283,283,مدرسة رقم 283,مركز مطوبس,كفر الشيخ,مطوبس,58,283,100,18520
284,284,مدرسة رقم 284,مركز مطوبس,كفر الشيخ,مطوبس,58,284,100,18587
285,285,مدرسة رقم 285,مركز مطوبس,كفر الشيخ,مطوبس,58,285,100,18654
286,286,مدرسة رقم 286,مركز مطوبس,كفر الشيخ,مطوبس,58,286,100,18721
287,287,مدرسة رقم 287,مركز مطوبس,كفر الشيخ,مطوبس,58,287,100,18788
288,288,مدرسة رقم 288,مركز مطوبس,كفر الشيخ,مطوبس,58,288,100,18855
289,289,مدرسة رقم 289,مركز مطوبس,كفر الشيخ,مطوبس,58,289,100,18922
290,290,مدرسة رقم 290,مركز مطوبس,كفر الشيخ,مطوبس,58,290,100,18989
291,291,مدرسة رقم 291,مركز مطوبس,كفر الشيخ,مطوبس,58,291,100,19056
292,292,مدرسة رقم 292,مركز مطوبس,كفر الشيخ,مطوبس,58,292,100,19123
293,293,سعد زغلول البتدائية,مركز مطوبس,كفر الشيخ,مطوبس,58,293,100,19165
294,294,مدرسة رقم 294,مركز مطوبس,كفر الشيخ,مطوبس,68,294,100,19224
295,295,مدرسة رقم 295,مركز مطوبس,كفر الشيخ,مطوبس,68,295,100,19291
296,296,مدرسة رقم 296,مركز مطوبس,كفر الشيخ,مطوبس,68,296,100,19358
297,297,مدرسة رقم 297,مركز مطوبس,كفر الشيخ,مطوبس,68,297,100,19425
298,298,مدرسة رقم 298,مركز مطوبس,كفر الشيخ,مطوبس,68,298,100,19492
299,299,مدرسة رقم 299,امامه محمد سليمان شكر ١٣١١ امامه عبدالونيس محمد نصرالدين ٠٣١١ امام سعد احمد محمد عمر ٩٢١١,كفر الشيخ,مطوبس,68,299,100,19559
300,300,مدرسة رقم 300,مركز مطوبس,كفر الشيخ,مطوبس,68,300,100,19626
301,301,مدرسة رقم 301,مركز مطوبس,كفر الشيخ,مطوبس,68,301,100,19693
302,302,مدرسة رقم 302,مركز مطوبس,كفر الشيخ,مطوبس,68,302,100,19760
303,303,مدرسة رقم 303,مركز مطوبس,كفر الشيخ,مطوبس,68,303,100,19827
304,304,مدرسة رقم 304,مركز مطوبس,كفر الشيخ,مطوبس,68,304,100,19894
305,305,مدرسة رقم 305,مركز مطوبس,كفر الشيخ,مطوبس,68,305,100,19961
306,306,مدرسة رقم 306,مركز مطوبس,كفر الشيخ,مطوبس,68,306,100,20028
307,307,مدرسة رقم 307,مركز مطوبس,كفر الشيخ,مطوبس,68,307,100,20095
308,308,مدرسة رقم 308,مركز مطوبس,كفر الشيخ,مطوبس,68,308,100,20162
309,309,مدرسة رقم 309,مركز مطوبس,كفر الشيخ,مطوبس,68,309,100,20229
310,310,مدرسة رقم 310,مركز مطوبس,كفر الشيخ,مطوبس,68,310,100,20296
311,311,مدرسة رقم 311,مركز مطوبس,كفر الشيخ,مطوبس,68,311,100,20363
312,312,مدرسة رقم 312,مركز مطوبس,كفر الشيخ,مطوبس,68,312,100,20430
313,313,مدرسة رقم 313,مركز مطوبس,كفر الشيخ,مطوبس,68,313,100,20498
314,314,مدرسة رقم 314,مركز مطوبس,كفر الشيخ,مطوبس,68,314,100,20565
315,315,مدرسة رقم 315,مركز مطوبس,كفر الشيخ,مطوبس,68,315,100,20632
316,316,مدرسة رقم 316,مركز مطوبس,كفر الشيخ,مطوبس,68,316,100,20699
317,317,مدرسة رقم 317,مركز مطوبس,كفر الشيخ,مطوبس,68,317,100,20766
318,318,مدرسة رقم 318,مركز مطوبس,كفر الشيخ,مطوبس,68,318,100,20833
319,319,مدرسة رقم 319,مركز مطوبس,كفر الشيخ,مطوبس,68,319,100,20900
320,320,مدرسة رقم 320,مركز مطوبس,كفر الشيخ,مطوبس,68,320,100,20967
321,321,مدرسة رقم 321,مركز مطوبس,كفر الشيخ,مطوبس,68,321,100,21034
322,322,مدرسة رقم 322,مركز مطوبس,كفر الشيخ,مطوبس,68,322,100,21101
323,323,مدرسة رقم 323,مركز مطوبس,كفر الشيخ,مطوبس,68,323,100,21168
324,324,مدرسة رقم 324,مركز مطوبس,كفر الشيخ,مطوبس,68,324,100,21235
325,325,مدرسة رقم 325,مركز مطوبس,كفر الشيخ,مطوبس,68,325,100,21302
326,326,مدرسة رقم 326,مركز مطوبس,كفر الشيخ,مطوبس,68,326,100,21369
327,327,مدرسة رقم 327,مركز مطوبس,كفر الشيخ,مطوبس,68,327,100,21436
328,328,مدرسة رقم 328,مركز مطوبس,كفر الشيخ,مطوبس,68,328,100,21503
329,329,مدرسة رقم 329,مركز مطوبس,كفر الشيخ,مطوبس,68,329,100,21570
330,330,مدرسة رقم 330,مركز مطوبس,كفر الشيخ,مطوبس,68,330,100,21637
331,331,مدرسة رقم 331,مركز مطوبس,كفر الشيخ,مطوبس,68,331,100,21704
332,332,مدرسة رقم 332,مركز مطوبس,كفر الشيخ,مطوبس,68,332,100,21771
333,333,مدرسة رقم 333,مركز مطوبس,كفر الشيخ,مطوبس,68,333,100,21838
334,334,منية المرشد الثانوية المشتركة,مركز مطوبس,كفر الشيخ,مطوبس,68,334,100,21873
335,335,مدرسة رقم 335,مركز مطوبس,كفر الشيخ,مطوبس,78,335,100,21932
336,336,مدرسة رقم 336,مركز مطوبس,كفر الشيخ,مطوبس,78,336,100,21999
337,337,مدرسة رقم 337,مركز مطوبس,كفر الشيخ,مطوبس,78,337,100,22066
338,338,مدرسة رقم 338,مركز مطوبس,كفر الشيخ,مطوبس,78,338,100,22133
339,339,مدرسة رقم 339,مركز مطوبس,كفر الشيخ,مطوبس,78,339,100,22200
340,340,مدرسة رقم 340,مركز مطوبس,كفر الشيخ,مطوبس,78,340,100,22267
341,341,مدرسة رقم 341,مركز مطوبس,كفر الشيخ,مطوبس,78,341,100,22334
342,342,مدرسة رقم 342,مركز مطوبس,كفر الشيخ,مطوبس,78,342,100,22401
343,343,مدرسة رقم 343,مركز مطوبس,كفر الشيخ,مطوبس,78,343,100,22468
344,344,مدرسة رقم 344,مركز مطوبس,كفر الشيخ,مطوبس,78,344,100,22535
345,345,مدرسة رقم 345,مركز مطوبس,كفر الشيخ,مطوبس,78,345,100,22602
346,346,مدرسة رقم 346,مركز مطوبس,كفر الشيخ,مطوبس,78,346,100,22669
347,347,مدرسة رقم 347,مركز مطوبس,كفر الشيخ,مطوبس,78,347,100,22736
348,348,مدرسة رقم 348,مركز مطوبس,كفر الشيخ,مطوبس,78,348,100,22803
349,349,مدرسة رقم 349,مركز مطوبس,كفر الشيخ,مطوبس,78,349,100,22870
350,350,مدرسة رقم 350,مركز مطوبس,كفر الشيخ,مطوبس,78,350,100,22937
351,351,مدرسة رقم 351,مركز مطوبس,كفر الشيخ,مطوبس,78,351,100,23004
352,352,مدرسة رقم 352,مركز مطوبس,كفر الشيخ,مطوبس,78,352,100,23071
353,353,مدرسة رقم 353,مركز مطوبس,كفر الشيخ,مطوبس,78,353,100,23138
354,354,مدرسة رقم 354,مركز مطوبس,كفر الشيخ,مطوبس,78,354,100,23205
355,355,مدرسة رقم 355,مركز مطوبس,كفر الشيخ,مطوبس,78,355,100,23272
356,356,مدرسة رقم 356,مركز مطوبس,كفر الشيخ,مطوبس,78,356,100,23339
357,357,مدرسة رقم 357,مركز مطوبس,كفر الشيخ,مطوبس,78,357,100,23406
358,358,مدرسة رقم 358,مركز مطوبس,كفر الشيخ,مطوبس,78,358,100,23473
359,359,مدرسة رقم 359,مركز مطوبس,كفر الشيخ,مطوبس,78,359,100,23540
360,360,مدرسة رقم 360,مركز مطوبس,كفر الشيخ,مطوبس,78,360,100,23607
361,361,مدرسة رقم 361,مركز مطوبس,كفر الشيخ,مطوبس,78,361,100,23674
362,362,مدرسة رقم 362,مركز مطوبس,كفر الشيخ,مطوبس,78,362,100,23741
363,363,مدرسة رقم 363,مركز مطوبس,كفر الشيخ,مطوبس,78,363,100,23808
364,364,مدرسة رقم 364,مركز مطوبس,كفر الشيخ,مطوبس,78,364,100,23875
365,365,مدرسة رقم 365,مركز مطوبس,كفر الشيخ,مطوبس,78,365,100,23942
366,366,مدرسة رقم 366,مركز مطوبس,كفر الشيخ,مطوبس,78,366,100,24009
367,367,مدرسة رقم 367,مركز مطوبس,كفر الشيخ,مطوبس,78,367,100,24076
368,368,مدرسة رقم 368,مركز مطوبس,كفر الشيخ,مطوبس,78,368,100,24143
369,369,مدرسة رقم 369,مركز مطوبس,كفر الشيخ,مطوبس,78,369,100,24210
370,370,مدرسة رقم 370,مركز مطوبس,كفر الشيخ,مطوبس,78,370,100,24277
371,371,مدرسة رقم 371,مركز مطوبس,كفر الشيخ,مطوبس,78,371,100,24344
372,372,مدرسة رقم 372,مركز مطوبس,كفر الشيخ,مطوبس,78,372,100,24411
373,373,مدرسة رقم 373,مركز مطوبس,كفر الشيخ,مطوبس,78,373,100,24478
374,374,مدرسة رقم 374,مركز مطوبس,كفر الشيخ,مطوبس,78,374,100,24545
375,375,مدرسة رقم 375,مركز مطوبس,كفر الشيخ,مطوبس,78,375,100,24612
376,376,مدرسة رقم 376,مركز مطوبس,كفر الشيخ,مطوبس,78,376,100,24679
377,377,مدرسة رقم 377,مركز مطوبس,كفر الشيخ,مطوبس,78,377,100,24746
378,378,مدرسة رقم 378,مركز مطوبس,كفر الشيخ,مطوبس,78,378,100,24813
379,379,مدرسة رقم 379,مركز مطوبس,كفر الشيخ,مطوبس,78,379,100,24880
380,380,مدرسة رقم 380,مركز مطوبس,كفر الشيخ,مطوبس,78,380,100,24948
381,381,مدرسة رقم 381,مركز مطوبس,كفر الشيخ,مطوبس,78,381,100,25015
382,382,مدرسة رقم 382,مركز مطوبس,كفر الشيخ,مطوبس,78,382,100,25082
383,383,مدرسة رقم 383,مركز مطوبس,كفر الشيخ,مطوبس,78,383,100,25149
384,384,مدرسة رقم 384,مركز مطوبس,كفر الشيخ,مطوبس,78,384,100,25216
385,385,مدرسة رقم 385,مركز مطوبس,كفر الشيخ,مطوبس,78,385,100,25283
386,386,مدرسة رقم 386,مركز مطوبس,كفر الشيخ,مطوبس,78,386,100,25351
387,387,مدرسة رقم 387,مركز مطوبس,كفر الشيخ,مطوبس,78,387,100,25418
388,388,مدرسة رقم 388,مركز مطوبس,كفر الشيخ,مطوبس,78,388,100,25485
389,389,مدرسة رقم 389,مركز مطوبس,كفر الشيخ,مطوبس,78,389,100,25552
390,390,فتح ا بركات العدادية بنات,مركز مطوبس,كفر الشيخ,مطوبس,78,390,100,25583
391,391,مدرسة رقم 391,مركز مطوبس,كفر الشيخ,مطوبس,88,391,100,25642
392,392,مدرسة رقم 392,مركز مطوبس,كفر الشيخ,مطوبس,88,392,100,25709
393,393,مدرسة رقم 393,مركز مطوبس,كفر الشيخ,مطوبس,88,393,100,25776
394,394,مدرسة رقم 394,مركز مطوبس,كفر الشيخ,مطوبس,88,394,100,25843
395,395,مدرسة رقم 395,مركز مطوبس,كفر الشيخ,مطوبس,88,395,100,25910
396,396,مدرسة رقم 396,مركز مطوبس,كفر الشيخ,مطوبس,88,396,100,25977
397,397,مدرسة رقم 397,مركز مطوبس,كفر الشيخ,مطوبس,88,397,100,26044
398,398,مدرسة رقم 398,مركز مطوبس,كفر الشيخ,مطوبس,88,398,100,26111
399,399,مدرسة رقم 399,مركز مطوبس,كفر الشيخ,مطوبس,88,399,100,26178
400,400,مدرسة رقم 400,مركز مطوبس,كفر الشيخ,مطوبس,88,400,100,26245
401,401,مدرسة رقم 401,مركز مطوبس,كفر الشيخ,مطوبس,88,401,100,26312
402,402,مدرسة رقم 402,مركز مطوبس,كفر الشيخ,مطوبس,88,402,100,26379
403,403,مدرسة رقم 403,مركز مطوبس,كفر الشيخ,مطوبس,88,403,100,26446
404,404,مدرسة رقم 404,مركز مطوبس,كفر الشيخ,مطوبس,88,404,100,26513
405,405,مدرسة رقم 405,مركز مطوبس,كفر الشيخ,مطوبس,88,405,100,26580
406,406,مدرسة رقم 406,مركز مطوبس,كفر الشيخ,مطوبس,88,406,100,26647
407,407,مدرسة رقم 407,مركز مطوبس,كفر الشيخ,مطوبس,88,407,100,26714
408,408,مدرسة رقم 408,مركز مطوبس,كفر الشيخ,مطوبس,88,408,100,26781
409,409,مدرسة رقم 409,مركز مطوبس,كفر الشيخ,مطوبس,88,409,100,26848
410,410,مدرسة رقم 410,مركز مطوبس,كفر الشيخ,مطوبس,88,410,100,26915
411,411,مدرسة رقم 411,مركز مطوبس,كفر الشيخ,مطوبس,88,411,100,26982
412,412,مدرسة رقم 412,مالى امام محمد بركات ٥٤٢٤ مالى احمد احمد ابوعبدالرحمن ٤٤٢٤ ماجده نجيب حسب ا غزى ٣٤٢٤,كفر الشيخ,مطوبس,88,412,100,27049
413,413,مدرسة رقم 413,مركز مطوبس,كفر الشيخ,مطوبس,88,413,100,27116
414,414,مدرسة رقم 414,مركز مطوبس,كفر الشيخ,مطوبس,88,414,100,27183
415,415,مدرسة رقم 415,مركز مطوبس,كفر الشيخ,مطوبس,88,415,100,27250
416,416,مدرسة رقم 416,مركز مطوبس,كفر الشيخ,مطوبس,88,416,100,27317
417,417,مدرسة رقم 417,مركز مطوبس,كفر الشيخ,مطوبس,88,417,100,27384
418,418,مدرسة رقم 418,مركز مطوبس,كفر الشيخ,مطوبس,88,418,100,27451
419,419,مدرسة رقم 419,مركز مطوبس,كفر الشيخ,مطوبس,88,419,100,27518
420,420,مدرسة رقم 420,مركز مطوبس,كفر الشيخ,مطوبس,88,420,100,27585
421,421,مدرسة رقم 421,مركز مطوبس,كفر الشيخ,مطوبس,88,421,100,27652
422,422,مدرسة رقم 422,مركز مطوبس,كفر الشيخ,مطوبس,88,422,100,27719
423,423,الشهيد البطل على محمد فهمى فليفل البتدائية,مركز مطوبس,كفر الشيخ,مطوبس,88,423,100,27753
424,424,مدرسة رقم 424,مركز مطوبس,كفر الشيخ,مطوبس,98,424,100,27812
425,425,مدرسة رقم 425,مركز مطوبس,كفر الشيخ,مطوبس,98,425,100,27879
426,426,مدرسة رقم 426,مركز مطوبس,كفر الشيخ,مطوبس,98,426,100,27946
427,427,مدرسة رقم 427,مركز مطوبس,كفر الشيخ,مطوبس,98,427,100,28013
428,428,مدرسة رقم 428,مركز مطوبس,كفر الشيخ,مطوبس,98,428,100,28080
429,429,مدرسة رقم 429,مركز مطوبس,كفر الشيخ,مطوبس,98,429,100,28147
430,430,مدرسة رقم 430,مركز مطوبس,كفر الشيخ,مطوبس,98,430,100,28214
431,431,مدرسة رقم 431,مركز مطوبس,كفر الشيخ,مطوبس,98,431,100,28281
432,432,مدرسة رقم 432,مركز مطوبس,كفر الشيخ,مطوبس,98,432,100,28348
433,433,مدرسة رقم 433,مركز مطوبس,كفر الشيخ,مطوبس,98,433,100,28415
434,434,مدرسة رقم 434,مركز مطوبس,كفر الشيخ,مطوبس,98,434,100,28482
435,435,مدرسة رقم 435,مركز مطوبس,كفر الشيخ,مطوبس,98,435,100,28549
436,436,مدرسة رقم 436,مركز مطوبس,كفر الشيخ,مطوبس,98,436,100,28616
437,437,مدرسة رقم 437,مركز مطوبس,كفر الشيخ,مطوبس,98,437,100,28683
438,438,مدرسة رقم 438,مركز مطوبس,كفر الشيخ,مطوبس,98,438,100,28751
439,439,مدرسة رقم 439,مركز مطوبس,كفر الشيخ,مطوبس,98,439,100,28818
440,440,مدرسة رقم 440,مركز مطوبس,كفر الشيخ,مطوبس,98,440,100,28885
441,441,مدرسة رقم 441,مركز مطوبس,كفر الشيخ,مطوبس,98,441,100,28952
442,442,مدرسة رقم 442,مركز مطوبس,كفر الشيخ,مطوبس,98,442,100,29019
443,443,مدرسة رقم 443,مركز مطوبس,كفر الشيخ,مطوبس,98,443,100,29086
444,444,مدرسة رقم 444,مركز مطوبس,كفر الشيخ,مطوبس,98,444,100,29153
445,445,مدرسة رقم 445,مركز مطوبس,كفر الشيخ,مطوبس,98,445,100,29220
446,446,مدرسة رقم 446,مركز مطوبس,كفر الشيخ,مطوبس,98,446,100,29287
447,447,مدرسة رقم 447,مركز مطوبس,كفر الشيخ,مطوبس,98,447,100,29354
448,448,مدرسة رقم 448,مركز مطوبس,كفر الشيخ,مطوبس,98,448,100,29421
449,449,مدرسة رقم 449,مركز مطوبس,كفر الشيخ,مطوبس,98,449,100,29488
450,450,مدرسة رقم 450,مركز مطوبس,كفر الشيخ,مطوبس,98,450,100,29555
451,451,مدرسة رقم 451,مركز مطوبس,كفر الشيخ,مطوبس,98,451,100,29622
452,452,مدرسة رقم 452,مركز مطوبس,كفر الشيخ,مطوبس,98,452,100,29689
453,453,مدرسة رقم 453,مركز مطوبس,كفر الشيخ,مطوبس,98,453,100,29756
454,454,مدرسة رقم 454,مركز مطوبس,كفر الشيخ,مطوبس,98,454,100,29823
455,455,مدرسة رقم 455,مركز مطوبس,كفر الشيخ,مطوبس,98,455,100,29890
456,456,مدرسة رقم 456,مركز مطوبس,كفر الشيخ,مطوبس,98,456,100,29957
457,457,الشهيد البطل على محمد فهمى فليفل البتدائية,مركز مطوبس,كفر الشيخ,مطوبس,98,457,100,29974
458,458,مدرسة رقم 458,مركز مطوبس,كفر الشيخ,مطوبس,9,458,100,30033
459,459,مدرسة رقم 459,مركز مطوبس,كفر الشيخ,مطوبس,9,459,100,30100
460,460,مدرسة رقم 460,مركز مطوبس,كفر الشيخ,مطوبس,9,460,100,30167
461,461,مدرسة رقم 461,مركز مطوبس,كفر الشيخ,مطوبس,9,461,100,30234
462,462,مدرسة رقم 462,مركز مطوبس,كفر الشيخ,مطوبس,9,462,100,30301
463,463,مدرسة رقم 463,مركز مطوبس,كفر الشيخ,مطوبس,9,463,100,30368
464,464,مدرسة رقم 464,مركز مطوبس,كفر الشيخ,مطوبس,9,464,100,30435
465,465,مدرسة رقم 465,مركز مطوبس,كفر الشيخ,مطوبس,9,465,100,30502
466,466,مدرسة رقم 466,مركز مطوبس,كفر الشيخ,مطوبس,9,466,100,30569
467,467,مدرسة رقم 467,مركز مطوبس,كفر الشيخ,مطوبس,9,467,100,30636
468,468,مدرسة رقم 468,مركز مطوبس,كفر الشيخ,مطوبس,9,468,100,30703
469,469,مدرسة رقم 469,مركز مطوبس,كفر الشيخ,مطوبس,9,469,100,30770
470,470,مدرسة رقم 470,مركز مطوبس,كفر الشيخ,مطوبس,9,470,100,30837
471,471,مدرسة رقم 471,مركز مطوبس,كفر الشيخ,مطوبس,9,471,100,30904
472,472,مدرسة رقم 472,مركز مطوبس,كفر الشيخ,مطوبس,9,472,100,30971
473,473,مدرسة رقم 473,مركز مطوبس,كفر الشيخ,مطوبس,9,473,100,31038
474,474,مدرسة رقم 474,مركز مطوبس,كفر الشيخ,مطوبس,9,474,100,31105
475,475,مدرسة رقم 475,مركز مطوبس,كفر الشيخ,مطوبس,9,475,100,31172
476,476,مدرسة رقم 476,مركز مطوبس,كفر الشيخ,مطوبس,9,476,100,31239
477,477,مدرسة رقم 477,مركز مطوبس,كفر الشيخ,مطوبس,9,477,100,31306
478,478,مدرسة رقم 478,مركز مطوبس,كفر الشيخ,مطوبس,9,478,100,31373
479,479,مدرسة رقم 479,مركز مطوبس,كفر الشيخ,مطوبس,9,479,100,31440
480,480,مدرسة رقم 480,مركز مطوبس,كفر الشيخ,مطوبس,9,480,100,31507
481,481,مدرسة رقم 481,مركز مطوبس,كفر الشيخ,مطوبس,9,481,100,31574
482,482,مدرسة رقم 482,مركز مطوبس,كفر الشيخ,مطوبس,9,482,100,31641
483,483,مدرسة رقم 483,مركز مطوبس,كفر الشيخ,مطوبس,9,483,100,31708
484,484,مدرسة رقم 484,مركز مطوبس,كفر الشيخ,مطوبس,9,484,100,31775
485,485,مدرسة رقم 485,مركز مطوبس,كفر الشيخ,مطوبس,9,485,100,31842
486,486,مدرسة رقم 486,مركز مطوبس,كفر الشيخ,مطوبس,9,486,100,31909
487,487,مدرسة رقم 487,مركز مطوبس,كفر الشيخ,مطوبس,9,487,100,31976
488,488,مدرسة رقم 488,مركز مطوبس,كفر الشيخ,مطوبس,9,488,100,32043
489,489,مدرسة رقم 489,مركز مطوبس,كفر الشيخ,مطوبس,9,489,100,32110
490,490,معدية مهدى تعليم اساسى,مركز مطوبس,كفر الشيخ,مطوبس,9,490,100,32165
491,491,مدرسة رقم 491,مركز مطوبس,كفر الشيخ,مطوبس,19,491,100,32224
492,492,مدرسة رقم 492,مركز مطوبس,كفر الشيخ,مطوبس,19,492,100,32291
493,493,مدرسة رقم 493,مركز مطوبس,كفر الشيخ,مطوبس,19,493,100,32358
494,494,مدرسة رقم 494,مركز مطوبس,كفر الشيخ,مطوبس,19,494,100,32425
495,495,مدرسة رقم 495,مركز مطوبس,كفر الشيخ,مطوبس,19,495,100,32492
496,496,مدرسة رقم 496,مركز مطوبس,كفر الشيخ,مطوبس,19,496,100,32559
497,497,مدرسة رقم 497,مركز مطوبس,كفر الشيخ,مطوبس,19,497,100,32626
498,498,مدرسة رقم 498,مركز مطوبس,كفر الشيخ,مطوبس,19,498,100,32693
499,499,مدرسة رقم 499,مركز مطوبس,كفر الشيخ,مطوبس,19,499,100,32760
500,500,مدرسة رقم 500,مركز مطوبس,كفر الشيخ,مطوبس,19,500,100,32827
501,501,عبدالحميد شلبى البتدائية,مركز مطوبس,كفر الشيخ,مطوبس,19,501,100,32887
502,502,مدرسة رقم 502,مركز مطوبس,كفر الشيخ,مطوبس,29,502,100,32946
503,503,مدرسة رقم 503,مركز مطوبس,كفر الشيخ,مطوبس,29,503,100,33013
504,504,مدرسة رقم 504,مركز مطوبس,كفر الشيخ,مطوبس,29,504,100,33080
505,505,مدرسة رقم 505,مركز مطوبس,كفر الشيخ,مطوبس,29,505,100,33147
506,506,مدرسة رقم 506,مركز مطوبس,كفر الشيخ,مطوبس,29,506,100,33214
507,507,مدرسة رقم 507,مركز مطوبس,كفر الشيخ,مطوبس,29,507,100,33281
508,508,مدرسة رقم 508,مركز مطوبس,كفر الشيخ,مطوبس,29,508,100,33348
509,509,مدرسة رقم 509,مركز مطوبس,كفر الشيخ,مطوبس,29,509,100,33415
510,510,مدرسة رقم 510,مركز مطوبس,كفر الشيخ,مطوبس,29,510,100,33482
511,511,مدرسة رقم 511,مركز مطوبس,كفر الشيخ,مطوبس,29,511,100,33549
512,512,مدرسة رقم 512,مركز مطوبس,كفر الشيخ,مطوبس,29,512,100,33616
513,513,مدرسة رقم 513,مركز مطوبس,كفر الشيخ,مطوبس,29,513,100,33683
514,514,مدرسة رقم 514,مركز مطوبس,كفر الشيخ,مطوبس,29,514,100,33750
515,515,مدرسة رقم 515,مركز مطوبس,كفر الشيخ,مطوبس,29,515,100,33817
516,516,مدرسة رقم 516,مركز مطوبس,كفر الشيخ,مطوبس,29,516,100,33884
517,517,مدرسة رقم 517,مركز مطوبس,كفر الشيخ,مطوبس,29,517,100,33951
518,518,مدرسة رقم 518,مركز مطوبس,كفر الشيخ,مطوبس,29,518,100,34018
519,519,مدرسة رقم 519,مركز مطوبس,كفر الشيخ,مطوبس,29,519,100,34085
520,520,مدرسة رقم 520,مركز مطوبس,كفر الشيخ,مطوبس,29,520,100,34152
521,521,مدرسة رقم 521,مركز مطوبس,كفر الشيخ,مطوبس,29,521,100,34219
522,522,مدرسة رقم 522,مركز مطوبس,كفر الشيخ,مطوبس,29,522,100,34286
523,523,مدرسة رقم 523,مركز مطوبس,كفر الشيخ,مطوبس,29,523,100,34353
524,524,الخليج العدادية بنات,مركز مطوبس,كفر الشيخ,مطوبس,29,524,100,34394
525,525,مدرسة رقم 525,مركز مطوبس,كفر الشيخ,مطوبس,39,525,100,34453
526,526,مدرسة رقم 526,مركز مطوبس,كفر الشيخ,مطوبس,39,526,100,34520
527,527,مدرسة رقم 527,مركز مطوبس,كفر الشيخ,مطوبس,39,527,100,34587
528,528,مدرسة رقم 528,مركز مطوبس,كفر الشيخ,مطوبس,39,528,100,34654
529,529,مدرسة رقم 529,مركز مطوبس,كفر الشيخ,مطوبس,39,529,100,34721
530,530,مدرسة رقم 530,مركز مطوبس,كفر الشيخ,مطوبس,39,530,100,34788
531,531,مدرسة رقم 531,مركز مطوبس,كفر الشيخ,مطوبس,39,531,100,34855
532,532,مدرسة رقم 532,مركز مطوبس,كفر الشيخ,مطوبس,39,532,100,34922
533,533,مدرسة رقم 533,مركز مطوبس,كفر الشيخ,مطوبس,39,533,100,34989
534,534,مدرسة رقم 534,مركز مطوبس,كفر الشيخ,مطوبس,39,534,100,35056
535,535,مدرسة رقم 535,مركز مطوبس,كفر الشيخ,مطوبس,39,535,100,35123
536,536,مدرسة رقم 536,مركز مطوبس,كفر الشيخ,مطوبس,39,536,100,35190
537,537,مدرسة رقم 537,مركز مطوبس,كفر الشيخ,مطوبس,39,537,100,35257
538,538,مدرسة رقم 538,مركز مطوبس,كفر الشيخ,مطوبس,39,538,100,35324
539,539,مدرسة رقم 539,مركز مطوبس,كفر الشيخ,مطوبس,39,539,100,35391
540,540,مدرسة رقم 540,مركز مطوبس,كفر الشيخ,مطوبس,39,540,100,35458
541,541,مدرسة رقم 541,مركز مطوبس,كفر الشيخ,مطوبس,39,541,100,35525
542,542,مدرسة رقم 542,مركز مطوبس,كفر الشيخ,مطوبس,39,542,100,35592
543,543,مدرسة رقم 543,مركز مطوبس,كفر الشيخ,مطوبس,39,543,100,35659
544,544,مدرسة رقم 544,مركز مطوبس,كفر الشيخ,مطوبس,39,544,100,35726
545,545,مدرسة رقم 545,مركز مطوبس,كفر الشيخ,مطوبس,39,545,100,35793
546,546,مدرسة رقم 546,مركز مطوبس,كفر الشيخ,مطوبس,39,546,100,35860
547,547,مدرسة رقم 547,مركز مطوبس,كفر الشيخ,مطوبس,39,547,100,35927
548,548,مدرسة رقم 548,مركز مطوبس,كفر الشيخ,مطوبس,39,548,100,35994
549,549,مدرسة رقم 549,مركز مطوبس,كفر الشيخ,مطوبس,39,549,100,36061
550,550,مدرسة رقم 550,مركز مطوبس,كفر الشيخ,مطوبس,39,550,100,36128
551,551,مدرسة رقم 551,مركز مطوبس,كفر الشيخ,مطوبس,39,551,100,36195
552,552,مدرسة رقم 552,مركز مطوبس,كفر الشيخ,مطوبس,39,552,100,36262
553,553,مدرسة رقم 553,مركز مطوبس,كفر الشيخ,مطوبس,39,553,100,36329
554,554,مدرسة رقم 554,مركز مطوبس,كفر الشيخ,مطوبس,39,554,100,36396
555,555,مدرسة رقم 555,مركز مطوبس,كفر الشيخ,مطوبس,39,555,100,36463
556,556,مدرسة رقم 556,مركز مطوبس,كفر الشيخ,مطوبس,39,556,100,36530
557,557,مدرسة رقم 557,مركز مطوبس,كفر الشيخ,مطوبس,39,557,100,36597
558,558,مدرسة رقم 558,مركز مطوبس,كفر الشيخ,مطوبس,39,558,100,36664
559,559,مدرسة رقم 559,مركز مطوبس,كفر الشيخ,مطوبس,39,559,100,36731
560,560,مدرسة رقم 560,مركز مطوبس,كفر الشيخ,مطوبس,39,560,100,36798
561,561,جزيرة الفرس للتعليم الساسى,مركز مطوبس,كفر الشيخ,مطوبس,39,561,100,36807
562,562,مدرسة رقم 562,مركز مطوبس,كفر الشيخ,مطوبس,49,562,100,36866
563,563,مدرسة رقم 563,مركز مطوبس,كفر الشيخ,مطوبس,49,563,100,36933
564,564,مدرسة رقم 564,مركز مطوبس,كفر الشيخ,مطوبس,49,564,100,37000
565,565,مدرسة رقم 565,مركز مطوبس,كفر الشيخ,مطوبس,49,565,100,37067
566,566,مدرسة رقم 566,مركز مطوبس,كفر الشيخ,مطوبس,49,566,100,37134
567,567,مدرسة رقم 567,مركز مطوبس,كفر الشيخ,مطوبس,49,567,100,37201
568,568,مدرسة رقم 568,مركز مطوبس,كفر الشيخ,مطوبس,49,568,100,37268
569,569,مدرسة رقم 569,مركز مطوبس,كفر الشيخ,مطوبس,49,569,100,37335
570,570,مدرسة رقم 570,مركز مطوبس,كفر الشيخ,مطوبس,49,570,100,37402
571,571,مدرسة رقم 571,مركز مطوبس,كفر الشيخ,مطوبس,49,571,100,37469
572,572,مدرسة رقم 572,مركز مطوبس,كفر الشيخ,مطوبس,49,572,100,37536
573,573,مدرسة رقم 573,مركز مطوبس,كفر الشيخ,مطوبس,49,573,100,37603
574,574,مدرسة رقم 574,مركز مطوبس,كفر الشيخ,مطوبس,49,574,100,37670
575,575,مدرسة رقم 575,مركز مطوبس,كفر الشيخ,مطوبس,49,575,100,37737
576,576,مدرسة رقم 576,مركز مطوبس,كفر الشيخ,مطوبس,49,576,100,37804
577,577,مدرسة رقم 577,مركز مطوبس,كفر الشيخ,مطوبس,49,577,100,37871
578,578,مدرسة رقم 578,مركز مطوبس,كفر الشيخ,مطوبس,49,578,100,37938
579,579,مدرسة رقم 579,مركز مطوبس,كفر الشيخ,مطوبس,49,579,100,38005
580,580,مدرسة رقم 580,مركز مطوبس,كفر الشيخ,مطوبس,49,580,100,38072
581,581,مدرسة رقم 581,مركز مطوبس,كفر الشيخ,مطوبس,49,581,100,38139
582,582,مدرسة رقم 582,مركز مطوبس,كفر الشيخ,مطوبس,49,582,100,38206
583,583,مدرسة رقم 583,مركز مطوبس,كفر الشيخ,مطوبس,49,583,100,38273
584,584,اليسرى البتدائية,مركز مطوبس,كفر الشيخ,مطوبس,49,584,100,38280
585,585,مدرسة رقم 585,مركز مطوبس,كفر الشيخ,مطوبس,59,585,100,38339
586,586,مدرسة رقم 586,مركز مطوبس,كفر الشيخ,مطوبس,59,586,100,38406
587,587,مدرسة رقم 587,مركز مطوبس,كفر الشيخ,مطوبس,59,587,100,38473
588,588,مدرسة رقم 588,مركز مطوبس,كفر الشيخ,مطوبس,59,588,100,38540
589,589,مدرسة رقم 589,مركز مطوبس,كفر الشيخ,مطوبس,59,589,100,38607
590,590,مدرسة رقم 590,مركز مطوبس,كفر الشيخ,مطوبس,59,590,100,38674
591,591,مدرسة رقم 591,مركز مطوبس,كفر الشيخ,مطوبس,59,591,100,38741
592,592,مدرسة رقم 592,مركز مطوبس,كفر الشيخ,مطوبس,59,592,100,38808
593,593,مدرسة رقم 593,مركز مطوبس,كفر الشيخ,مطوبس,59,593,100,38875
594,594,مدرسة رقم 594,شهد ابراهيم عبدالفتاح عجيز ٣٢٩١ شهاب عبدالنبى امام محمد العوضى ٢٢٩١ شهاب بسيم احمد على سالم ١٢٩١,كفر الشيخ,مطوبس,59,594,100,38942
595,595,مدرسة رقم 595,مركز مطوبس,كفر الشيخ,مطوبس,59,595,100,39009
596,596,مدرسة رقم 596,مركز مطوبس,كفر الشيخ,مطوبس,59,596,100,39076
597,597,مدرسة رقم 597,مركز مطوبس,كفر الشيخ,مطوبس,59,597,100,39143
598,598,مدرسة رقم 598,مركز مطوبس,كفر الشيخ,مطوبس,59,598,100,39210
599,599,مدرسة رقم 599,مركز مطوبس,كفر الشيخ,مطوبس,59,599,100,39277
600,600,مدرسة رقم 600,مركز مطوبس,كفر الشيخ,مطوبس,59,600,100,39344
601,601,مدرسة رقم 601,مركز مطوبس,كفر الشيخ,مطوبس,59,601,100,39411
602,602,مدرسة رقم 602,مركز مطوبس,كفر الشيخ,مطوبس,59,602,100,39478
603,603,مدرسة رقم 603,مركز مطوبس,كفر الشيخ,مطوبس,59,603,100,39545
604,604,مدرسة رقم 604,مركز مطوبس,كفر الشيخ,مطوبس,59,604,100,39612
605,605,مدرسة رقم 605,مركز مطوبس,كفر الشيخ,مطوبس,59,605,100,39680
606,606,طلمبات زغلول البتدائية,مركز مطوبس,كفر الشيخ,مطوبس,59,606,100,39723
607,607,مدرسة رقم 607,مركز مطوبس,كفر الشيخ,مطوبس,69,607,100,39782
608,608,مدرسة رقم 608,مركز مطوبس,كفر الشيخ,مطوبس,69,608,100,39849
609,609,مدرسة رقم 609,مركز مطوبس,كفر الشيخ,مطوبس,69,609,100,39916
610,610,مدرسة رقم 610,مركز مطوبس,كفر الشيخ,مطوبس,69,610,100,39983
611,611,مدرسة رقم 611,مركز مطوبس,كفر الشيخ,مطوبس,69,611,100,40051
612,612,مدرسة رقم 612,مركز مطوبس,كفر الشيخ,مطوبس,69,612,100,40118
613,613,مدرسة رقم 613,مركز مطوبس,كفر الشيخ,مطوبس,69,613,100,40185
614,614,مدرسة رقم 614,مركز مطوبس,كفر الشيخ,مطوبس,69,614,100,40252
615,615,مدرسة رقم 615,مركز مطوبس,كفر الشيخ,مطوبس,69,615,100,40319
616,616,مدرسة رقم 616,مركز مطوبس,كفر الشيخ,مطوبس,69,616,100,40386
617,617,مدرسة رقم 617,مركز مطوبس,كفر الشيخ,مطوبس,69,617,100,40453
618,618,مدرسة رقم 618,مركز مطوبس,كفر الشيخ,مطوبس,69,618,100,40520
619,619,مدرسة رقم 619,مركز مطوبس,كفر الشيخ,مطوبس,69,619,100,40587
620,620,مدرسة رقم 620,مركز مطوبس,كفر الشيخ,مطوبس,69,620,100,40654
621,621,مدرسة رقم 621,مركز مطوبس,كفر الشيخ,مطوبس,69,621,100,40721
622,622,مدرسة رقم 622,مركز مطوبس,كفر الشيخ,مطوبس,69,622,100,40788
623,623,مدرسة رقم 623,مركز مطوبس,كفر الشيخ,مطوبس,69,623,100,40855
624,624,مدرسة رقم 624,مركز مطوبس,كفر الشيخ,مطوبس,69,624,100,40922
625,625,مدرسة رقم 625,مركز مطوبس,كفر الشيخ,مطوبس,69,625,100,40989
626,626,مدرسة رقم 626,مركز مطوبس,كفر الشيخ,مطوبس,69,626,100,41056
627,627,مدرسة رقم 627,مركز مطوبس,كفر الشيخ,مطوبس,69,627,100,41123
628,628,مدرسة رقم 628,مركز مطوبس,كفر الشيخ,مطوبس,69,628,100,41190
629,629,مدرسة رقم 629,مركز مطوبس,كفر الشيخ,مطوبس,69,629,100,41257
630,630,مدرسة رقم 630,مركز مطوبس,كفر الشيخ,مطوبس,69,630,100,41324
631,631,مدرسة رقم 631,مركز مطوبس,كفر الشيخ,مطوبس,69,631,100,41391
632,632,مدرسة رقم 632,مركز مطوبس,كفر الشيخ,مطوبس,69,632,100,41458
633,633,مدرسة رقم 633,مركز مطوبس,كفر الشيخ,مطوبس,69,633,100,41525
634,634,مدرسة رقم 634,مركز مطوبس,كفر الشيخ,مطوبس,69,634,100,41592
635,635,مدرسة رقم 635,مركز مطوبس,كفر الشيخ,مطوبس,69,635,100,41659
636,636,مدرسة رقم 636,مركز مطوبس,كفر الشيخ,مطوبس,69,636,100,41726
637,637,مدرسة رقم 637,مركز مطوبس,كفر الشيخ,مطوبس,69,637,100,41793
638,638,مدرسة رقم 638,مركز مطوبس,كفر الشيخ,مطوبس,69,638,100,41860
639,639,مدرسة رقم 639,مركز مطوبس,كفر الشيخ,مطوبس,69,639,100,41927
640,640,مدرسة رقم 640,مركز مطوبس,كفر الشيخ,مطوبس,69,640,100,41994
641,641,مدرسة رقم 641,مركز مطوبس,كفر الشيخ,مطوبس,69,641,100,42061
642,642,مدرسة رقم 642,مركز مطوبس,كفر الشيخ,مطوبس,69,642,100,42128
643,643,مدرسة رقم 643,مركز مطوبس,كفر الشيخ,مطوبس,69,643,100,42195
644,644,مدرسة رقم 644,مركز مطوبس,كفر الشيخ,مطوبس,69,644,100,42262
645,645,مدرسة رقم 645,مركز مطوبس,كفر الشيخ,مطوبس,69,645,100,42329
646,646,مدرسة رقم 646,مركز مطوبس,كفر الشيخ,مطوبس,69,646,100,42396
647,647,مدرسة رقم 647,مركز مطوبس,كفر الشيخ,مطوبس,69,647,100,42463
648,648,مدرسة رقم 648,مركز مطوبس,كفر الشيخ,مطوبس,69,648,100,42530
649,649,مدرسة رقم 649,مركز مطوبس,كفر الشيخ,مطوبس,69,649,100,42597
650,650,مدرسة رقم 650,مركز مطوبس,كفر الشيخ,مطوبس,69,650,100,42664
651,651,مدرسة رقم 651,مركز مطوبس,كفر الشيخ,مطوبس,69,651,100,42731
652,652,مدرسة رقم 652,مركز مطوبس,كفر الشيخ,مطوبس,69,652,100,42798
653,653,عرب المحضر للتعليم الساسى,مركز مطوبس,كفر الشيخ,مطوبس,69,653,100,42847
654,654,مدرسة رقم 654,مركز مطوبس,كفر الشيخ,مطوبس,79,654,100,42906
655,655,مدرسة رقم 655,مركز مطوبس,كفر الشيخ,مطوبس,79,655,100,42973
656,656,مدرسة رقم 656,مركز مطوبس,كفر الشيخ,مطوبس,79,656,100,43041
657,657,مدرسة رقم 657,مركز مطوبس,كفر الشيخ,مطوبس,79,657,100,43108
658,658,مدرسة رقم 658,مركز مطوبس,كفر الشيخ,مطوبس,79,658,100,43175
659,659,مدرسة رقم 659,مركز مطوبس,كفر الشيخ,مطوبس,79,659,100,43242
660,660,مدرسة رقم 660,مركز مطوبس,كفر الشيخ,مطوبس,79,660,100,43309
661,661,مدرسة رقم 661,مركز مطوبس,كفر الشيخ,مطوبس,79,661,100,43376
662,662,مدرسة رقم 662,مركز مطوبس,كفر الشيخ,مطوبس,79,662,100,43443
663,663,مدرسة رقم 663,مركز مطوبس,كفر الشيخ,مطوبس,79,663,100,43510
664,664,مدرسة رقم 664,مركز مطوبس,كفر الشيخ,مطوبس,79,664,100,43577
665,665,مدرسة رقم 665,مركز مطوبس,كفر الشيخ,مطوبس,79,665,100,43644
666,666,مدرسة رقم 666,مركز مطوبس,كفر الشيخ,مطوبس,79,666,100,43711
667,667,مدرسة رقم 667,مركز مطوبس,كفر الشيخ,مطوبس,79,667,100,43778
668,668,مدرسة رقم 668,مركز مطوبس,كفر الشيخ,مطوبس,79,668,100,43845
669,669,مدرسة رقم 669,مركز مطوبس,كفر الشيخ,مطوبس,79,669,100,43912
670,670,مدرسة رقم 670,مركز مطوبس,كفر الشيخ,مطوبس,79,670,100,43979
671,671,مدرسة رقم 671,مركز مطوبس,كفر الشيخ,مطوبس,79,671,100,44046
672,672,مدرسة رقم 672,مركز مطوبس,كفر الشيخ,مطوبس,79,672,100,44113
673,673,مدرسة رقم 673,مركز مطوبس,كفر الشيخ,مطوبس,79,673,100,44180
674,674,الجزيرة الخضراء الثانوية المشتركة,مركز مطوبس,كفر الشيخ,مطوبس,79,674,100,44225
675,675,مدرسة رقم 675,مركز مطوبس,كفر الشيخ,مطوبس,89,675,100,44284
676,676,مدرسة رقم 676,مركز مطوبس,كفر الشيخ,مطوبس,89,676,100,44351
677,677,مدرسة رقم 677,مركز مطوبس,كفر الشيخ,مطوبس,89,677,100,44418
678,678,مدرسة رقم 678,مركز مطوبس,كفر الشيخ,مطوبس,89,678,100,44485
679,679,مدرسة رقم 679,مركز مطوبس,كفر الشيخ,مطوبس,89,679,100,44553
680,680,مدرسة رقم 680,مركز مطوبس,كفر الشيخ,مطوبس,89,680,100,44620
681,681,مدرسة رقم 681,مركز مطوبس,كفر الشيخ,مطوبس,89,681,100,44687
682,682,مدرسة رقم 682,مركز مطوبس,كفر الشيخ,مطوبس,89,682,100,44754
683,683,مدرسة رقم 683,مركز مطوبس,كفر الشيخ,مطوبس,89,683,100,44821
684,684,مدرسة رقم 684,مركز مطوبس,كفر الشيخ,مطوبس,89,684,100,44888
685,685,مدرسة رقم 685,مركز مطوبس,كفر الشيخ,مطوبس,89,685,100,44955
686,686,مدرسة رقم 686,مركز مطوبس,كفر الشيخ,مطوبس,89,686,100,45022
687,687,مدرسة رقم 687,مركز مطوبس,كفر الشيخ,مطوبس,89,687,100,45089
688,688,مدرسة رقم 688,مركز مطوبس,كفر الشيخ,مطوبس,89,688,100,45156
689,689,مدرسة رقم 689,مركز مطوبس,كفر الشيخ,مطوبس,89,689,100,45223
690,690,مدرسة رقم 690,مركز مطوبس,كفر الشيخ,مطوبس,89,690,100,45290
691,691,مدرسة رقم 691,مركز مطوبس,كفر الشيخ,مطوبس,89,691,100,45357
692,692,مدرسة رقم 692,مركز مطوبس,كفر الشيخ,مطوبس,89,692,100,45424
693,693,مدرسة رقم 693,مركز مطوبس,كفر الشيخ,مطوبس,89,693,100,45491
694,694,مدرسة رقم 694,مركز مطوبس,كفر الشيخ,مطوبس,89,694,100,45558
695,695,مدرسة رقم 695,مركز مطوبس,كفر الشيخ,مطوبس,89,695,100,45625
696,696,مدرسة رقم 696,مركز مطوبس,كفر الشيخ,مطوبس,89,696,100,45692
697,697,مدرسة رقم 697,مركز مطوبس,كفر الشيخ,مطوبس,89,697,100,45759
698,698,مدرسة رقم 698,مركز مطوبس,كفر الشيخ,مطوبس,89,698,100,45826
699,699,مدرسة رقم 699,مركز مطوبس,كفر الشيخ,مطوبس,89,699,100,45893
700,700,مدرسة رقم 700,مركز مطوبس,كفر الشيخ,مطوبس,89,700,100,45960
701,701,مدرسة رقم 701,مركز مطوبس,كفر الشيخ,مطوبس,89,701,100,46027
702,702,مدرسة رقم 702,مركز مطوبس,كفر الشيخ,مطوبس,89,702,100,46094
703,703,مدرسة رقم 703,مركز مطوبس,كفر الشيخ,مطوبس,89,703,100,46161
704,704,مدرسة رقم 704,مركز مطوبس,كفر الشيخ,مطوبس,89,704,100,46228
705,705,الجزيرة الخضراء الثانوية المشتركة,مركز مطوبس,كفر الشيخ,مطوبس,89,705,100,46276
706,706,مدرسة رقم 706,مركز مطوبس,كفر الشيخ,مطوبس,99,706,100,46335
707,707,مدرسة رقم 707,مركز مطوبس,كفر الشيخ,مطوبس,99,707,100,46402
708,708,مدرسة رقم 708,مركز مطوبس,كفر الشيخ,مطوبس,99,708,100,46469
709,709,مدرسة رقم 709,مركز مطوبس,كفر الشيخ,مطوبس,99,709,100,46536
710,710,مدرسة رقم 710,مركز مطوبس,كفر الشيخ,مطوبس,99,710,100,46603
711,711,مدرسة رقم 711,مركز مطوبس,كفر الشيخ,مطوبس,99,711,100,46670
712,712,مدرسة رقم 712,مركز مطوبس,كفر الشيخ,مطوبس,99,712,100,46737
713,713,مدرسة رقم 713,مركز مطوبس,كفر الشيخ,مطوبس,99,713,100,46804
714,714,مدرسة رقم 714,مركز مطوبس,كفر الشيخ,مطوبس,99,714,100,46871
715,715,مدرسة رقم 715,مركز مطوبس,كفر الشيخ,مطوبس,99,715,100,46938
716,716,مدرسة رقم 716,مركز مطوبس,كفر الشيخ,مطوبس,99,716,100,47005
717,717,مدرسة رقم 717,مركز مطوبس,كفر الشيخ,مطوبس,99,717,100,47072
718,718,مدرسة رقم 718,مركز مطوبس,كفر الشيخ,مطوبس,99,718,100,47139
719,719,مدرسة رقم 719,مركز مطوبس,كفر الشيخ,مطوبس,99,719,100,47206
720,720,مدرسة رقم 720,مركز مطوبس,كفر الشيخ,مطوبس,99,720,100,47273
721,721,مدرسة رقم 721,مركز مطوبس,كفر الشيخ,مطوبس,99,721,100,47340
722,722,مدرسة رقم 722,مركز مطوبس,كفر الشيخ,مطوبس,99,722,100,47407
723,723,مدرسة رقم 723,مركز مطوبس,كفر الشيخ,مطوبس,99,723,100,47474
724,724,مدرسة رقم 724,مركز مطوبس,كفر الشيخ,مطوبس,99,724,100,47541
725,725,مدرسة رقم 725,مركز مطوبس,كفر الشيخ,مطوبس,99,725,100,47608
726,726,مدرسة رقم 726,مركز مطوبس,كفر الشيخ,مطوبس,99,726,100,47675
727,727,مدرسة رقم 727,مركز مطوبس,كفر الشيخ,مطوبس,99,727,100,47742
728,728,مدرسة رقم 728,مركز مطوبس,كفر الشيخ,مطوبس,99,728,100,47809
729,729,مدرسة رقم 729,مركز مطوبس,كفر الشيخ,مطوبس,99,729,100,47876
730,730,مدرسة رقم 730,مركز مطوبس,كفر الشيخ,مطوبس,99,730,100,47943
731,731,مدرسة رقم 731,مركز مطوبس,كفر الشيخ,مطوبس,99,731,100,48010
732,732,مدرسة رقم 732,مركز مطوبس,كفر الشيخ,مطوبس,99,732,100,48077
733,733,الجزيرة الخضراء الثانوية التجارية,مركز مطوبس,كفر الشيخ,مطوبس,99,733,100,48136
734,734,مدرسة رقم 734,مركز مطوبس,كفر الشيخ,مطوبس,1,734,100,48195
735,735,مدرسة رقم 735,مركز مطوبس,كفر الشيخ,مطوبس,1,735,100,48262
736,736,مدرسة رقم 736,مركز مطوبس,كفر الشيخ,مطوبس,1,736,100,48329
737,737,مدرسة رقم 737,مركز مطوبس,كفر الشيخ,مطوبس,1,737,100,48396
738,738,مدرسة رقم 738,مركز مطوبس,كفر الشيخ,مطوبس,1,738,100,48463
739,739,مدرسة رقم 739,مركز مطوبس,كفر الشيخ,مطوبس,1,739,100,48530
740,740,مدرسة رقم 740,مركز مطوبس,كفر الشيخ,مطوبس,1,740,100,48597
741,741,مدرسة رقم 741,مركز مطوبس,كفر الشيخ,مطوبس,1,741,100,48664
742,742,مدرسة رقم 742,مركز مطوبس,كفر الشيخ,مطوبس,1,742,100,48732
743,743,مدرسة رقم 743,مركز مطوبس,كفر الشيخ,مطوبس,1,743,100,48799
744,744,مدرسة رقم 744,مركز مطوبس,كفر الشيخ,مطوبس,1,744,100,48866
745,745,مدرسة رقم 745,مركز مطوبس,كفر الشيخ,مطوبس,1,745,100,48933
746,746,مدرسة رقم 746,مركز مطوبس,كفر الشيخ,مطوبس,1,746,100,49000
747,747,مدرسة رقم 747,مركز مطوبس,كفر الشيخ,مطوبس,1,747,100,49067
748,748,مدرسة رقم 748,مركز مطوبس,كفر الشيخ,مطوبس,1,748,100,49134
749,749,مدرسة رقم 749,مركز مطوبس,كفر الشيخ,مطوبس,1,749,100,49201
750,750,مدرسة رقم 750,مركز مطوبس,كفر الشيخ,مطوبس,1,750,100,49268
751,751,مدرسة رقم 751,مركز مطوبس,كفر الشيخ,مطوبس,1,751,100,49335
752,752,مدرسة رقم 752,مركز مطوبس,كفر الشيخ,مطوبس,1,752,100,49403
753,753,مدرسة رقم 753,مركز مطوبس,كفر الشيخ,مطوبس,1,753,100,49470
754,754,مدرسة رقم 754,مركز مطوبس,كفر الشيخ,مطوبس,1,754,100,49537
755,755,مدرسة رقم 755,مركز مطوبس,كفر الشيخ,مطوبس,1,755,100,49604
756,756,مدرسة رقم 756,مركز مطوبس,كفر الشيخ,مطوبس,1,756,100,49671
757,757,الشهيد عبدالنبى نصار العدادية بنات,مركز مطوبس,كفر الشيخ,مطوبس,1,757,100,49719
758,758,مدرسة رقم 758,مركز مطوبس,كفر الشيخ,مطوبس,101,758,100,49778
759,759,مدرسة رقم 759,مركز مطوبس,كفر الشيخ,مطوبس,101,759,100,49845
760,760,مدرسة رقم 760,مركز مطوبس,كفر الشيخ,مطوبس,101,760,100,49912
761,761,مدرسة رقم 761,مركز مطوبس,كفر الشيخ,مطوبس,101,761,100,49979
762,762,مدرسة رقم 762,مركز مطوبس,كفر الشيخ,مطوبس,101,762,100,50046
763,763,مدرسة رقم 763,مركز مطوبس,كفر الشيخ,مطوبس,101,763,100,50113
764,764,مدرسة رقم 764,مركز مطوبس,كفر الشيخ,مطوبس,101,764,100,50180
765,765,مدرسة رقم 765,مركز مطوبس,كفر الشيخ,مطوبس,101,765,100,50247
766,766,مدرسة رقم 766,مركز مطوبس,كفر الشيخ,مطوبس,101,766,100,50314
767,767,مدرسة رقم 767,مركز مطوبس,كفر الشيخ,مطوبس,101,767,100,50381
768,768,مدرسة رقم 768,مركز مطوبس,كفر الشيخ,مطوبس,101,768,100,50448
769,769,مدرسة رقم 769,مركز مطوبس,كفر الشيخ,مطوبس,101,769,100,50515
770,770,مدرسة رقم 770,مركز مطوبس,كفر الشيخ,مطوبس,101,770,100,50582
771,771,مدرسة رقم 771,مركز مطوبس,كفر الشيخ,مطوبس,101,771,100,50649
772,772,مدرسة رقم 772,مركز مطوبس,كفر الشيخ,مطوبس,101,772,100,50716
773,773,مدرسة رقم 773,مركز مطوبس,كفر الشيخ,مطوبس,101,773,100,50783
774,774,مدرسة رقم 774,مركز مطوبس,كفر الشيخ,مطوبس,101,774,100,50850
775,775,مدرسة رقم 775,مركز مطوبس,كفر الشيخ,مطوبس,101,775,100,50917
776,776,مدرسة رقم 776,مركز مطوبس,كفر الشيخ,مطوبس,101,776,100,50984
777,777,مدرسة رقم 777,مركز مطوبس,كفر الشيخ,مطوبس,101,777,100,51051
778,778,مدرسة رقم 778,مركز مطوبس,كفر الشيخ,مطوبس,101,778,100,51118
779,779,مدرسة رقم 779,مركز مطوبس,كفر الشيخ,مطوبس,101,779,100,51185
780,780,مدرسة رقم 780,مركز مطوبس,كفر الشيخ,مطوبس,101,780,100,51252
781,781,مدرسة رقم 781,مركز مطوبس,كفر الشيخ,مطوبس,101,781,100,51319
782,782,مدرسة رقم 782,مركز مطوبس,كفر الشيخ,مطوبس,101,782,100,51386
783,783,مدرسة رقم 783,مركز مطوبس,كفر الشيخ,مطوبس,101,783,100,51453
784,784,مدرسة رقم 784,مركز مطوبس,كفر الشيخ,مطوبس,101,784,100,51520
785,785,مدرسة رقم 785,مركز مطوبس,كفر الشيخ,مطوبس,101,785,100,51587
786,786,مدرسة رقم 786,مركز مطوبس,كفر الشيخ,مطوبس,101,786,100,51654
787,787,مدرسة رقم 787,مركز مطوبس,كفر الشيخ,مطوبس,101,787,100,51721
788,788,مدرسة رقم 788,مركز مطوبس,كفر الشيخ,مطوبس,101,788,100,51788
789,789,مدرسة رقم 789,مركز مطوبس,كفر الشيخ,مطوبس,101,789,100,51855
790,790,مدرسة رقم 790,مركز مطوبس,كفر الشيخ,مطوبس,101,790,100,51922
791,791,مدرسة رقم 791,مركز مطوبس,كفر الشيخ,مطوبس,101,791,100,51989
792,792,مدرسة رقم 792,مركز مطوبس,كفر الشيخ,مطوبس,101,792,100,52056
793,793,مدرسة رقم 793,مركز مطوبس,كفر الشيخ,مطوبس,101,793,100,52123
794,794,مدرسة رقم 794,مركز مطوبس,كفر الشيخ,مطوبس,101,794,100,52190
795,795,مدرسة رقم 795,مركز مطوبس,كفر الشيخ,مطوبس,101,795,100,52257
796,796,مدرسة رقم 796,مركز مطوبس,كفر الشيخ,مطوبس,101,796,100,52324
797,797,مدرسة رقم 797,مركز مطوبس,كفر الشيخ,مطوبس,101,797,100,52391
798,798,مدرسة رقم 798,مركز مطوبس,كفر الشيخ,مطوبس,101,798,100,52458
799,799,مدرسة رقم 799,مركز مطوبس,كفر الشيخ,مطوبس,101,799,100,52525
800,800,مدرسة رقم 800,مركز مطوبس,كفر الشيخ,مطوبس,101,800,100,52592
801,801,مدرسة رقم 801,مركز مطوبس,كفر الشيخ,مطوبس,101,801,100,52659
802,802,مدرسة رقم 802,مركز مطوبس,كفر الشيخ,مطوبس,101,802,100,52727
803,803,مدرسة رقم 803,مركز مطوبس,كفر الشيخ,مطوبس,101,803,100,52794
804,804,مدرسة رقم 804,مركز مطوبس,كفر الشيخ,مطوبس,101,804,100,52861
805,805,مدرسة رقم 805,مركز مطوبس,كفر الشيخ,مطوبس,101,805,100,52928
806,806,البصراط البتدائية,مركز مطوبس,كفر الشيخ,مطوبس,101,806,100,52941
807,807,مدرسة رقم 807,مركز مطوبس,كفر الشيخ,مطوبس,201,807,100,53000
808,808,مدرسة رقم 808,مركز مطوبس,كفر الشيخ,مطوبس,201,808,100,53067
809,809,مدرسة رقم 809,مركز مطوبس,كفر الشيخ,مطوبس,201,809,100,53134
810,810,مدرسة رقم 810,مركز مطوبس,كفر الشيخ,مطوبس,201,810,100,53201
811,811,مدرسة رقم 811,مركز مطوبس,كفر الشيخ,مطوبس,201,811,100,53268
812,812,مدرسة رقم 812,مركز مطوبس,كفر الشيخ,مطوبس,201,812,100,53335
813,813,مدرسة رقم 813,مركز مطوبس,كفر الشيخ,مطوبس,201,813,100,53402
814,814,مدرسة رقم 814,مركز مطوبس,كفر الشيخ,مطوبس,201,814,100,53469
815,815,مدرسة رقم 815,مركز مطوبس,كفر الشيخ,مطوبس,201,815,100,53536
816,816,مدرسة رقم 816,مركز مطوبس,كفر الشيخ,مطوبس,201,816,100,53603
817,817,مدرسة رقم 817,مركز مطوبس,كفر الشيخ,مطوبس,201,817,100,53670
818,818,مدرسة رقم 818,مركز مطوبس,كفر الشيخ,مطوبس,201,818,100,53737
819,819,مدرسة رقم 819,مركز مطوبس,كفر الشيخ,مطوبس,201,819,100,53804
820,820,مدرسة رقم 820,مركز مطوبس,كفر الشيخ,مطوبس,201,820,100,53871
821,821,مدرسة رقم 821,مركز مطوبس,كفر الشيخ,مطوبس,201,821,100,53938
822,822,مدرسة رقم 822,مركز مطوبس,كفر الشيخ,مطوبس,201,822,100,54005
823,823,مدرسة رقم 823,قرية المنشية قومسيون غرب٣٠١,كفر الشيخ,مطوبس,201,823,100,54024
824,824,مدرسة رقم 824,مركز مطوبس,كفر الشيخ,مطوبس,301,824,100,54083
825,825,مدرسة رقم 825,مركز مطوبس,كفر الشيخ,مطوبس,301,825,100,54150
826,826,مدرسة رقم 826,مركز مطوبس,كفر الشيخ,مطوبس,301,826,100,54217
827,827,مدرسة رقم 827,مركز مطوبس,كفر الشيخ,مطوبس,301,827,100,54284
828,828,مدرسة رقم 828,مركز مطوبس,كفر الشيخ,مطوبس,301,828,100,54351
829,829,مدرسة رقم 829,مركز مطوبس,كفر الشيخ,مطوبس,301,829,100,54418
830,830,مدرسة رقم 830,مركز مطوبس,كفر الشيخ,مطوبس,301,830,100,54485
831,831,مدرسة رقم 831,مركز مطوبس,كفر الشيخ,مطوبس,301,831,100,54552
832,832,مدرسة رقم 832,مركز مطوبس,كفر الشيخ,مطوبس,301,832,100,54619
833,833,مدرسة رقم 833,مركز مطوبس,كفر الشيخ,مطوبس,301,833,100,54686
834,834,مدرسة رقم 834,مركز مطوبس,كفر الشيخ,مطوبس,301,834,100,54753
835,835,مدرسة رقم 835,مركز مطوبس,كفر الشيخ,مطوبس,301,835,100,54820
836,836,مدرسة رقم 836,مركز مطوبس,كفر الشيخ,مطوبس,301,836,100,54888
837,837,مدرسة رقم 837,مركز مطوبس,كفر الشيخ,مطوبس,301,837,100,54955
838,838,مدرسة رقم 838,مركز مطوبس,كفر الشيخ,مطوبس,301,838,100,55022
839,839,مطوبس البتدائية الجديدة,مركز مطوبس,كفر الشيخ,مطوبس,301,839,100,55044
840,840,مدرسة رقم 840,مركز مطوبس,كفر الشيخ,مطوبس,401,840,100,55103
841,841,مدرسة رقم 841,مركز مطوبس,كفر الشيخ,مطوبس,401,841,100,55170
842,842,مدرسة رقم 842,مركز مطوبس,كفر الشيخ,مطوبس,401,842,100,55237
843,843,مدرسة رقم 843,مركز مطوبس,كفر الشيخ,مطوبس,401,843,100,55304
844,844,مدرسة رقم 844,مركز مطوبس,كفر الشيخ,مطوبس,401,844,100,55371
845,845,مدرسة رقم 845,مركز مطوبس,كفر الشيخ,مطوبس,401,845,100,55438
846,846,مدرسة رقم 846,مركز مطوبس,كفر الشيخ,مطوبس,401,846,100,55505
847,847,مدرسة رقم 847,مركز مطوبس,كفر الشيخ,مطوبس,401,847,100,55572
848,848,مدرسة رقم 848,مركز مطوبس,كفر الشيخ,مطوبس,401,848,100,55639
849,849,مدرسة رقم 849,مركز مطوبس,كفر الشيخ,مطوبس,401,849,100,55706
850,850,مدرسة رقم 850,مركز مطوبس,كفر الشيخ,مطوبس,401,850,100,55773
851,851,مدرسة رقم 851,مركز مطوبس,كفر الشيخ,مطوبس,401,851,100,55840
852,852,مدرسة رقم 852,مركز مطوبس,كفر الشيخ,مطوبس,401,852,100,55907
853,853,مدرسة رقم 853,مركز مطوبس,كفر الشيخ,مطوبس,401,853,100,55974
854,854,مدرسة رقم 854,مركز مطوبس,كفر الشيخ,مطوبس,401,854,100,56041
855,855,مدرسة رقم 855,مركز مطوبس,كفر الشيخ,مطوبس,401,855,100,56109
856,856,مدرسة رقم 856,مركز مطوبس,كفر الشيخ,مطوبس,401,856,100,56176
857,857,مدرسة رقم 857,مركز مطوبس,كفر الشيخ,مطوبس,401,857,100,56243
858,858,مدرسة رقم 858,مركز مطوبس,كفر الشيخ,مطوبس,401,858,100,56310
859,859,مدرسة رقم 859,مركز مطوبس,كفر الشيخ,مطوبس,401,859,100,56377
860,860,مدرسة رقم 860,مركز مطوبس,كفر الشيخ,مطوبس,401,860,100,56444
861,861,مدرسة رقم 861,مركز مطوبس,كفر الشيخ,مطوبس,401,861,100,56511
862,862,مدرسة رقم 862,مركز مطوبس,كفر الشيخ,مطوبس,401,862,100,56578
863,863,مدرسة رقم 863,مركز مطوبس,كفر الشيخ,مطوبس,401,863,100,56646
864,864,مدرسة رقم 864,مركز مطوبس,كفر الشيخ,مطوبس,401,864,100,56713
865,865,مدرسة رقم 865,مركز مطوبس,كفر الشيخ,مطوبس,401,865,100,56780
866,866,مدرسة رقم 866,مركز مطوبس,كفر الشيخ,مطوبس,401,866,100,56847
867,867,مدرسة رقم 867,مركز مطوبس,كفر الشيخ,مطوبس,401,867,100,56914
868,868,النجارين للتعليم الساسى,مركز مطوبس,كفر الشيخ,مطوبس,401,868,100,56960
869,869,مدرسة رقم 869,مركز مطوبس,كفر الشيخ,مطوبس,501,869,100,57019
870,870,مدرسة رقم 870,مركز مطوبس,كفر الشيخ,مطوبس,501,870,100,57086
871,871,مدرسة رقم 871,مركز مطوبس,كفر الشيخ,مطوبس,501,871,100,57153
872,872,مدرسة رقم 872,مركز مطوبس,كفر الشيخ,مطوبس,501,872,100,57220
873,873,مدرسة رقم 873,مركز مطوبس,كفر الشيخ,مطوبس,501,873,100,57287
874,874,مدرسة رقم 874,مركز مطوبس,كفر الشيخ,مطوبس,501,874,100,57354
875,875,مدرسة رقم 875,مركز مطوبس,كفر الشيخ,مطوبس,501,875,100,57421
876,876,مدرسة رقم 876,مركز مطوبس,كفر الشيخ,مطوبس,501,876,100,57488
877,877,مدرسة رقم 877,مركز مطوبس,كفر الشيخ,مطوبس,501,877,100,57555
878,878,مدرسة رقم 878,مركز مطوبس,كفر الشيخ,مطوبس,501,878,100,57622
879,879,مدرسة رقم 879,مركز مطوبس,كفر الشيخ,مطوبس,501,879,100,57689
880,880,مدرسة رقم 880,مركز مطوبس,كفر الشيخ,مطوبس,501,880,100,57756
881,881,مدرسة رقم 881,مركز مطوبس,كفر الشيخ,مطوبس,501,881,100,57823
882,882,مدرسة رقم 882,مركز مطوبس,كفر الشيخ,مطوبس,501,882,100,57890
883,883,مدرسة رقم 883,مركز مطوبس,كفر الشيخ,مطوبس,501,883,100,57957
884,884,مدرسة رقم 884,مركز مطوبس,كفر الشيخ,مطوبس,501,884,100,58024
885,885,كفر الشيخمحافظة : مركز مطوبسمجمع مدارس الروس للتعليم الساسى,مركز مطوبس,كفر الشيخ,مطوبس,501,885,100,58060
886,886,مدرسة رقم 886,مركز مطوبس,كفر الشيخ,مطوبس,601,886,100,58119
887,887,مدرسة رقم 887,مركز مطوبس,كفر الشيخ,مطوبس,601,887,100,58186
888,888,مدرسة رقم 888,مركز مطوبس,كفر الشيخ,مطوبس,601,888,100,58253
889,889,مدرسة رقم 889,مركز مطوبس,كفر الشيخ,مطوبس,601,889,100,58320
890,890,مدرسة رقم 890,مركز مطوبس,كفر الشيخ,مطوبس,601,890,100,58387
891,891,مدرسة رقم 891,مركز مطوبس,كفر الشيخ,مطوبس,601,891,100,58454
892,892,مدرسة رقم 892,مركز مطوبس,كفر الشيخ,مطوبس,601,892,100,58521
893,893,مدرسة رقم 893,مركز مطوبس,كفر الشيخ,مطوبس,601,893,100,58588
894,894,مدرسة رقم 894,مركز مطوبس,كفر الشيخ,مطوبس,601,894,100,58655
895,895,مدرسة رقم 895,مركز مطوبس,كفر الشيخ,مطوبس,601,895,100,58722
896,896,مدرسة رقم 896,مركز مطوبس,كفر الشيخ,مطوبس,601,896,100,58789
897,897,مدرسة رقم 897,مركز مطوبس,كفر الشيخ,مطوبس,601,897,100,58856
898,898,مدرسة رقم 898,مركز مطوبس,كفر الشيخ,مطوبس,601,898,100,58923
899,899,مدرسة رقم 899,مركز مطوبس,كفر الشيخ,مطوبس,601,899,100,58990
900,900,مدرسة رقم 900,مركز مطوبس,كفر الشيخ,مطوبس,601,900,100,59057
901,901,مدرسة رقم 901,مركز مطوبس,كفر الشيخ,مطوبس,601,901,100,59124
902,902,مدرسة رقم 902,مركز مطوبس,كفر الشيخ,مطوبس,601,902,100,59191
903,903,مدرسة رقم 903,مركز مطوبس,كفر الشيخ,مطوبس,601,903,100,59258
904,904,مدرسة رقم 904,مركز مطوبس,كفر الشيخ,مطوبس,601,904,100,59325
905,905,مدرسة رقم 905,مركز مطوبس,كفر الشيخ,مطوبس,601,905,100,59392
906,906,مدرسة رقم 906,مركز مطوبس,كفر الشيخ,مطوبس,601,906,100,59459
907,907,مدرسة رقم 907,مركز مطوبس,كفر الشيخ,مطوبس,601,907,100,59526
908,908,مدرسة رقم 908,مركز مطوبس,كفر الشيخ,مطوبس,601,908,100,59593
909,909,مدرسة رقم 909,مركز مطوبس,كفر الشيخ,مطوبس,601,909,100,59660
910,910,مدرسة رقم 910,مركز مطوبس,كفر الشيخ,مطوبس,601,910,100,59727
911,911,مدرسة رقم 911,مركز مطوبس,كفر الشيخ,مطوبس,601,911,100,59794
912,912,مدرسة رقم 912,مركز مطوبس,كفر الشيخ,مطوبس,601,912,100,59861
913,913,مدرسة رقم 913,مركز مطوبس,كفر الشيخ,مطوبس,601,913,100,59928
914,914,مدرسة رقم 914,مركز مطوبس,كفر الشيخ,مطوبس,601,914,100,59995
915,915,مدرسة رقم 915,مركز مطوبس,كفر الشيخ,مطوبس,601,915,100,60062
916,916,مدرسة رقم 916,مركز مطوبس,كفر الشيخ,مطوبس,601,916,100,60129
917,917,مدرسة رقم 917,مركز مطوبس,كفر الشيخ,مطوبس,601,917,100,60196
918,918,مدرسة رقم 918,مركز مطوبس,كفر الشيخ,مطوبس,601,918,100,60263
919,919,مدرسة رقم 919,مركز مطوبس,كفر الشيخ,مطوبس,601,919,100,60330
920,920,مدرسة رقم 920,مركز مطوبس,كفر الشيخ,مطوبس,601,920,100,60397
921,921,مدرسة رقم 921,مركز مطوبس,كفر الشيخ,مطوبس,601,921,100,60464
922,922,مدرسة رقم 922,مركز مطوبس,كفر الشيخ,مطوبس,601,922,100,60531
923,923,مدرسة رقم 923,مركز مطوبس,كفر الشيخ,مطوبس,601,923,100,60598
924,924,مدرسة رقم 924,مركز مطوبس,كفر الشيخ,مطوبس,601,924,100,60665
925,925,مدرسة رقم 925,مركز مطوبس,كفر الشيخ,مطوبس,601,925,100,60732
926,926,مدرسة رقم 926,مركز مطوبس,كفر الشيخ,مطوبس,601,926,100,60799
927,927,مدرسة رقم 927,مركز مطوبس,كفر الشيخ,مطوبس,601,927,100,60866
928,928,مدرسة رقم 928,مركز مطوبس,كفر الشيخ,مطوبس,601,928,100,60933
929,929,مدرسة رقم 929,مركز مطوبس,كفر الشيخ,مطوبس,601,929,100,61000
930,930,مدرسة رقم 930,مركز مطوبس,كفر الشيخ,مطوبس,601,930,100,61067
931,931,مدرسة رقم 931,مركز مطوبس,كفر الشيخ,مطوبس,601,931,100,61134
932,932,مدرسة رقم 932,مركز مطوبس,كفر الشيخ,مطوبس,601,932,100,61201
933,933,كفر الشيخمحافظة : مركز مطوبسمجمع مدارس الروس للتعليم الساسى,مركز مطوبس,كفر الشيخ,مطوبس,601,933,100,61224
934,934,مدرسة رقم 934,مركز مطوبس,كفر الشيخ,مطوبس,701,934,100,61283
935,935,مدرسة رقم 935,مركز مطوبس,كفر الشيخ,مطوبس,701,935,100,61350
936,936,مدرسة رقم 936,مركز مطوبس,كفر الشيخ,مطوبس,701,936,100,61417
937,937,مدرسة رقم 937,مركز مطوبس,كفر الشيخ,مطوبس,701,937,100,61484
938,938,مدرسة رقم 938,مركز مطوبس,كفر الشيخ,مطوبس,701,938,100,61551
939,939,مدرسة رقم 939,مركز مطوبس,كفر الشيخ,مطوبس,701,939,100,61618
940,940,مدرسة رقم 940,مركز مطوبس,كفر الشيخ,مطوبس,701,940,100,61685
941,941,مدرسة رقم 941,مركز مطوبس,كفر الشيخ,مطوبس,701,941,100,61752
942,942,مدرسة رقم 942,مركز مطوبس,كفر الشيخ,مطوبس,701,942,100,61819
943,943,مدرسة رقم 943,مركز مطوبس,كفر الشيخ,مطوبس,701,943,100,61886
944,944,مدرسة رقم 944,مركز مطوبس,كفر الشيخ,مطوبس,701,944,100,61953
945,945,مدرسة رقم 945,مركز مطوبس,كفر الشيخ,مطوبس,701,945,100,62020
946,946,مدرسة رقم 946,مركز مطوبس,كفر الشيخ,مطوبس,701,946,100,62087
947,947,مدرسة رقم 947,مركز مطوبس,كفر الشيخ,مطوبس,701,947,100,62154
948,948,مدرسة رقم 948,مركز مطوبس,كفر الشيخ,مطوبس,701,948,100,62221
949,949,مدرسة رقم 949,مركز مطوبس,كفر الشيخ,مطوبس,701,949,100,62288
950,950,مدرسة رقم 950,مركز مطوبس,كفر الشيخ,مطوبس,701,950,100,62355
951,951,مدرسة رقم 951,مركز مطوبس,كفر الشيخ,مطوبس,701,951,100,62422
952,952,مدرسة رقم 952,مركز مطوبس,كفر الشيخ,مطوبس,701,952,100,62489
953,953,مدرسة رقم 953,مركز مطوبس,كفر الشيخ,مطوبس,701,953,100,62556
954,954,مدرسة رقم 954,مركز مطوبس,كفر الشيخ,مطوبس,701,954,100,62623
955,955,مدرسة رقم 955,مركز مطوبس,كفر الشيخ,مطوبس,701,955,100,62690
956,956,مدرسة رقم 956,مركز مطوبس,كفر الشيخ,مطوبس,701,956,100,62757
957,957,مدرسة رقم 957,مركز مطوبس,كفر الشيخ,مطوبس,701,957,100,62824
958,958,مدرسة رقم 958,مركز مطوبس,كفر الشيخ,مطوبس,701,958,100,62891
959,959,مدرسة رقم 959,مركز مطوبس,كفر الشيخ,مطوبس,701,959,100,62958
960,960,مدرسة رقم 960,مركز مطوبس,كفر الشيخ,مطوبس,701,960,100,63026
961,961,مدرسة رقم 961,مركز مطوبس,كفر الشيخ,مطوبس,701,961,100,63093
962,962,مدرسة رقم 962,مركز مطوبس,كفر الشيخ,مطوبس,701,962,100,63160
963,963,مدرسة رقم 963,مركز مطوبس,كفر الشيخ,مطوبس,701,963,100,63227
964,964,مدرسة رقم 964,مركز مطوبس,كفر الشيخ,مطوبس,701,964,100,63294
965,965,مدرسة رقم 965,مركز مطوبس,كفر الشيخ,مطوبس,701,965,100,63361
966,966,مدرسة رقم 966,مركز مطوبس,كفر الشيخ,مطوبس,701,966,100,63428
967,967,مدرسة رقم 967,مركز مطوبس,كفر الشيخ,مطوبس,701,967,100,63495
968,968,مدرسة رقم 968,مركز مطوبس,كفر الشيخ,مطوبس,701,968,100,63562
969,969,مدرسة رقم 969,مركز مطوبس,كفر الشيخ,مطوبس,701,969,100,63629
970,970,مدرسة رقم 970,مركز مطوبس,كفر الشيخ,مطوبس,701,970,100,63696
971,971,مدرسة رقم 971,مركز مطوبس,كفر الشيخ,مطوبس,701,971,100,63763
972,972,مدرسة رقم 972,مركز مطوبس,كفر الشيخ,مطوبس,701,972,100,63830
973,973,مدرسة رقم 973,مركز مطوبس,كفر الشيخ,مطوبس,701,973,100,63897
974,974,مدرسة رقم 974,مركز مطوبس,كفر الشيخ,مطوبس,701,974,100,63965
975,975,مدرسة رقم 975,مركز مطوبس,كفر الشيخ,مطوبس,701,975,100,64032
976,976,مدرسة رقم 976,مركز مطوبس,كفر الشيخ,مطوبس,701,976,100,64099
977,977,مدرسة رقم 977,مركز مطوبس,كفر الشيخ,مطوبس,701,977,100,64166
978,978,مدرسة رقم 978,مركز مطوبس,كفر الشيخ,مطوبس,701,978,100,64233
979,979,مطوبس الثانوية بنات,مركز مطوبس,كفر الشيخ,مطوبس,701,979,100,64256
980,980,مدرسة رقم 980,مركز مطوبس,كفر الشيخ,مطوبس,801,980,100,64315
981,981,مدرسة رقم 981,مركز مطوبس,كفر الشيخ,مطوبس,801,981,100,64382
982,982,مدرسة رقم 982,مركز مطوبس,كفر الشيخ,مطوبس,801,982,100,64449
983,983,مدرسة رقم 983,مركز مطوبس,كفر الشيخ,مطوبس,801,983,100,64516
984,984,مدرسة رقم 984,مركز مطوبس,كفر الشيخ,مطوبس,801,984,100,64583
985,985,مدرسة رقم 985,مركز مطوبس,كفر الشيخ,مطوبس,801,985,100,64650
986,986,مدرسة رقم 986,مركز مطوبس,كفر الشيخ,مطوبس,801,986,100,64717
987,987,مدرسة رقم 987,مركز مطوبس,كفر الشيخ,مطوبس,801,987,100,64784
988,988,مدرسة رقم 988,مركز مطوبس,كفر الشيخ,مطوبس,801,988,100,64851
989,989,مدرسة رقم 989,مركز مطوبس,كفر الشيخ,مطوبس,801,989,100,64918
990,990,مدرسة رقم 990,مركز مطوبس,كفر الشيخ,مطوبس,801,990,100,64986
991,991,مدرسة رقم 991,مركز مطوبس,كفر الشيخ,مطوبس,801,991,100,65053
992,992,مدرسة رقم 992,مركز مطوبس,كفر الشيخ,مطوبس,801,992,100,65120
993,993,مدرسة رقم 993,مركز مطوبس,كفر الشيخ,مطوبس,801,993,100,65187
994,994,مدرسة رقم 994,مركز مطوبس,كفر الشيخ,مطوبس,801,994,100,65254
995,995,مدرسة رقم 995,مركز مطوبس,كفر الشيخ,مطوبس,801,995,100,65321
996,996,مدرسة رقم 996,مركز مطوبس,كفر الشيخ,مطوبس,801,996,100,65388
997,997,مدرسة رقم 997,مركز مطوبس,كفر الشيخ,مطوبس,801,997,100,65455
998,998,مدرسة رقم 998,مركز مطوبس,كفر الشيخ,مطوبس,801,998,100,65522
999,999,مدرسة رقم 999,مركز مطوبس,كفر الشيخ,مطوبس,801,999,100,65589
